antecedents,consequents,antecedent support,consequent support,support,confidence,lift,representativity,leverage,conviction,zhangs_metric,jaccard,certainty,kulczynski,weight_cons,rule_type
Abdominal pain,Diarrhea,0.19233333333333333,0.7386666666666667,0.17733333333333334,0.9220103986135183,1.2482090233937522,1.0,0.035263111111111106,3.350874074074078,0.24620569169518924,0.23529411764705882,0.7015704028578507,0.5810413003897916,0.55,positive
Abdominal pain,Nausea,0.19233333333333333,0.7083333333333334,0.188,0.977469670710572,1.379957182179631,1.0,0.05176388888888889,12.945512820512864,0.34090776043999144,0.26379794200187084,0.9227531567219611,0.6214407177082272,0.35,positive
Abdominal pain,Vomiting,0.19233333333333333,0.476,0.145,0.7538994800693241,1.5838224371204288,1.0,0.053449333333333335,2.1292112676056334,0.4563963169055176,0.2770700636942675,0.5303425192162673,0.5292606644044099,0.6,positive
Abnormal liver function tests,Diarrhea,0.055,0.7386666666666667,0.05433333333333333,0.9878787878787878,1.3373810305218246,1.0,0.013706666666666666,21.55999999999986,0.26695231603207065,0.07348963029756536,0.9536178107606677,0.530717372278744,0.55,positive
Allergic reaction,Diarrhea,0.13633333333333333,0.7386666666666667,0.12766666666666668,0.9364303178484108,1.267730574704527,1.0,0.02696177777777778,4.110974358974361,0.2445258894768293,0.17082961641391617,0.7567486652362658,0.5546321264332307,0.55,positive
Increased liver enzymes,Allergic reaction,0.109,0.13633333333333333,0.06266666666666666,0.5749235474006116,4.2170431349678115,1.0,0.047806333333333326,2.0317913669064747,0.8561919430713756,0.34306569343065685,0.5078234821311597,0.5172906245560515,0.8,positive
Allergic reaction,Rash,0.13633333333333333,0.227,0.09933333333333333,0.7286063569682151,3.2097196342212118,1.0,0.06838566666666666,2.8482612612612606,0.7971203883344256,0.37626262626262624,0.6489086118605628,0.5830990668835201,0.5,positive
Dizziness,Diarrhea,0.23466666666666666,0.7386666666666667,0.12633333333333333,0.5383522727272727,0.7288162536921562,1.0,-0.04700711111111111,0.566088205128205,-0.3271329242341763,0.1491538764266037,-0.766509160482375,0.35469057679684934,0.55,positive
Dryness in mouth,Diarrhea,0.08966666666666667,0.7386666666666667,0.052333333333333336,0.5836431226765799,0.7901305812408572,1.0,-0.013900444444444444,0.6276666666666666,-0.225872089349325,0.06743986254295532,-0.5932023366967607,0.32724574906392173,0.55,positive
Flatulence,Diarrhea,0.134,0.7386666666666667,0.12566666666666668,0.9378109452736318,1.2695996551538338,1.0,0.02668533333333334,4.20224,0.2452080053417953,0.16822846943328873,0.762031678342979,0.5539686495321228,0.55,positive
Headache,Diarrhea,0.3273333333333333,0.7386666666666667,0.21866666666666668,0.6680244399185337,0.9043652164962098,1.0,-0.023123555555555536,0.7872065439672802,-0.13585043605410194,0.25806451612903225,-0.27031464316887643,0.4820266603924798,0.55,positive
Heartburn,Diarrhea,0.057,0.7386666666666667,0.056,0.9824561403508771,1.3300399011970359,1.0,0.013895999999999999,14.895999999999953,0.2631419481896682,0.07570977917981073,0.9328678839957033,0.5291342073595541,0.55,positive
Increased liver enzymes,Diarrhea,0.109,0.7386666666666667,0.08,0.7339449541284404,0.9936077898850727,1.0,-0.0005146666666666633,0.9822528735632184,-0.007168591910262553,0.10421189752496743,-0.018067777569743444,0.42112410161295666,0.55,positive
Indigestion,Diarrhea,0.14133333333333334,0.7386666666666667,0.122,0.8632075471698113,1.1686022750493834,1.0,0.017601777777777772,1.910436781609195,0.16802430166649693,0.16094986807387862,0.47655949172121664,0.5141850010217287,0.55,positive
Loss of appetite,Diarrhea,0.09966666666666667,0.7386666666666667,0.07166666666666667,0.7190635451505017,0.9734614780918345,1.0,-0.0019537777777777765,0.9302222222222224,-0.029389987280607165,0.09347826086956522,-0.07501194457716179,0.40804260290016064,0.55,positive
Nausea,Diarrhea,0.7083333333333334,0.7386666666666667,0.5726666666666667,0.808470588235294,1.0944998938203438,1.0,0.0494444444444444,1.3644553644553639,0.29602527856311306,0.6549752192146396,0.2671068427370945,0.7918706731790188,0.55,positive
Diarrhea,Nausea,0.7386666666666667,0.7083333333333334,0.5726666666666667,0.7752707581227436,1.0944998938203438,1.0,0.0494444444444444,1.2978580990629176,0.3303853555391887,0.6549752192146396,0.2294997421351208,0.7918706731790188,0.35,positive
Rash,Diarrhea,0.227,0.7386666666666667,0.20966666666666667,0.9236417033773862,1.2504174684711906,1.0,0.04198933333333332,3.4224615384615364,0.2590777368952545,0.27733686067019403,0.707812640474692,0.6037432343601732,0.55,positive
Stomach pain,Diarrhea,0.24833333333333332,0.7386666666666667,0.21866666666666668,0.8805369127516779,1.1920626075158094,1.0,0.03523111111111113,2.1875655430711616,0.2143475204153373,0.28459869848156183,0.5428708396110123,0.5882828968090519,0.55,positive
Vomiting,Diarrhea,0.476,0.7386666666666667,0.395,0.8298319327731093,1.1234186815520433,1.0,0.04339466666666669,1.5357366255144036,0.20965632750346258,0.48190321268808467,0.3488466815297549,0.682289612595941,0.55,positive
Diarrhea,Vomiting,0.7386666666666667,0.476,0.395,0.5347472924187726,1.1234186815520433,1.0,0.04339466666666669,1.1262696411251214,0.4203823301472491,0.48190321268808467,0.11211315347094014,0.682289612595941,0.6,positive
Flatulence,Dizziness,0.134,0.23466666666666666,0.07033333333333333,0.5248756218905473,2.2366858887381276,1.0,0.038888,1.6108062827225131,0.638464148506507,0.23575418994413408,0.37919288574548854,0.41229576549072816,0.35,positive
Dizziness,Headache,0.23466666666666666,0.3273333333333333,0.176,0.75,2.2912423625254585,1.0,0.09918577777777778,2.690666666666667,0.7363530778164925,0.45595854922279794,0.6283448959365708,0.6438391038696538,0.3,positive
Headache,Dizziness,0.3273333333333333,0.23466666666666666,0.176,0.5376782077393075,2.291242362525458,1.0,0.09918577777777778,1.6554126284875184,0.8377931945820943,0.45595854922279794,0.3959210031436945,0.6438391038696538,0.35,positive
Dizziness,Nausea,0.23466666666666666,0.7083333333333334,0.16166666666666665,0.6889204545454545,0.9725935828877004,1.0,-0.004555555555555563,0.9375951293759509,-0.03551136363636369,0.20691126279863475,-0.06655844155844194,0.45857787433155073,0.35,positive
Dizziness,Vomiting,0.23466666666666666,0.476,0.11833333333333333,0.5042613636363636,1.0593726126814362,1.0,0.006631999999999999,1.0570085959885387,0.0732296216322324,0.19977490151941474,0.05393390006939631,0.376430401706137,0.6,positive
Dryness in mouth,Headache,0.08966666666666667,0.3273333333333333,0.065,0.724907063197026,2.214583696121261,1.0,0.03564911111111112,2.4452342342342344,0.6024692748969571,0.18465909090909094,0.5910412237815055,0.46174070064128286,0.3,positive
Flatulence,Headache,0.134,0.3273333333333333,0.095,0.708955223880597,2.1658509894519256,1.0,0.05113733333333333,2.311213675213675,0.6215793525383899,0.259326660600546,0.5673268937769033,0.4995896282335775,0.3,positive
Flatulence,Nausea,0.134,0.7083333333333334,0.10033333333333333,0.7487562189054726,1.0570676031606672,1.0,0.005416666666666653,1.1608910891089106,0.06234031289082565,0.13522012578616352,0.13859275053304884,0.44520163886450104,0.35,positive
Flatulence,Stomach pain,0.134,0.24833333333333332,0.104,0.7761194029850745,3.1253130321546627,1.0,0.07072333333333333,3.357444444444443,0.7852564102564104,0.37365269461077844,0.7021544163881258,0.5974556746468997,0.55,positive
Headache,Nausea,0.3273333333333333,0.7083333333333334,0.24733333333333332,0.7556008146639511,1.0667305618785192,1.0,0.01547222222222222,1.1934027777777776,0.09299725649745283,0.3137420718816067,0.16205993599068946,0.5523886426260932,0.35,positive
Heartburn,Loss of appetite,0.057,0.09966666666666667,0.05,0.8771929824561404,8.801267382503081,1.0,0.044319000000000004,7.331285714285718,0.9399575821845176,0.46875,0.8635982774411037,0.689432611629408,0.35,positive
Loss of appetite,Heartburn,0.09966666666666667,0.057,0.05,0.5016722408026756,8.801267382503081,1.0,0.044319000000000004,1.8923288590604026,0.9845020362828583,0.46875,0.471550626513972,0.689432611629408,0.28,positive
Heartburn,Nausea,0.057,0.7083333333333334,0.057,1.0,1.4117647058823528,1.0,0.016625,inf,0.30929657122658183,0.08047058823529411,1.0,0.540235294117647,0.35,positive
Heartburn,Vomiting,0.057,0.476,0.055,0.9649122807017544,2.0271266401297363,1.0,0.027868,14.934000000000001,0.5373180372119928,0.11506276150627615,0.9330387036293023,0.5402292495945746,0.6,positive
Increased liver enzymes,Nausea,0.109,0.7083333333333334,0.056666666666666664,0.5198776758409785,0.7339449541284403,1.0,-0.020541666666666673,0.6074840764331209,-0.28919026725169533,0.07449605609114811,-0.6461336828309309,0.29993883792048925,0.35,positive
Increased liver enzymes,Rash,0.109,0.227,0.059333333333333335,0.5443425076452599,2.3979846151773563,1.0,0.034590333333333334,1.6964496644295302,0.6543020719050682,0.21445783132530122,0.4105336450779559,0.4028614153497959,0.5,positive
Indigestion,Nausea,0.14133333333333334,0.7083333333333334,0.14033333333333334,0.9929245283018868,1.4017758046614872,1.0,0.040222222222222215,41.222222222222385,0.33379560643838235,0.19783834586466165,0.9757412398921834,0.5955210876803552,0.35,positive
Indigestion,Stomach pain,0.14133333333333334,0.24833333333333332,0.10933333333333334,0.7735849056603774,3.1151070026592382,1.0,0.07423555555555555,3.319861111111112,0.7907419330404484,0.39001189060642094,0.6987825795925199,0.6069266810181082,0.55,positive
Loss of appetite,Nausea,0.09966666666666667,0.7083333333333334,0.09033333333333333,0.9063545150501673,1.279559315364942,1.0,0.019736111111111107,3.114583333333335,0.24266671767050874,0.12587087784486764,0.6789297658862878,0.5169419634074366,0.35,positive
Loss of appetite,Vomiting,0.09966666666666667,0.476,0.08366666666666667,0.8394648829431438,1.7635816868553442,1.0,0.03622533333333334,3.2640833333333332,0.4809020120923194,0.17005420054200543,0.6936352727922592,0.5076175955331965,0.6,positive
Rash,Nausea,0.227,0.7083333333333334,0.123,0.5418502202643172,0.7649650168437419,1.0,-0.037791666666666696,0.6366185897435896,-0.2844244528513945,0.15141567501025852,-0.5707992448080557,0.3577486395439233,0.35,positive
Sleepiness,Nausea,0.082,0.7083333333333334,0.057,0.6951219512195121,0.9813486370157818,1.0,-0.001083333333333339,0.9566666666666664,-0.02028359587587698,0.07772727272727274,-0.04529616724738706,0.3877962697274031,0.35,positive
Stomach pain,Nausea,0.24833333333333332,0.7083333333333334,0.212,0.8536912751677852,1.205211212001579,1.0,0.036097222222222225,1.993501529051987,0.22652317003444478,0.2846911369740376,0.4983700862895492,0.576492696407422,0.35,positive
Nausea,Vomiting,0.7083333333333334,0.476,0.471,0.6649411764705881,1.3969352446861096,1.0,0.1338333333333333,1.5639044943820222,0.9742189869578405,0.6602803738317755,0.36057476425684765,0.827218487394958,0.6,positive
Vomiting,Nausea,0.476,0.7083333333333334,0.471,0.9894957983193278,1.3969352446861096,1.0,0.1338333333333333,27.76666666666676,0.5422656574987978,0.6602803738317755,0.9639855942376953,0.827218487394958,0.35,positive
Stomach pain,Vomiting,0.24833333333333332,0.476,0.12533333333333332,0.5046979865771812,1.0602898877671876,1.0,0.00712666666666667,1.057940379403794,0.07564749728735203,0.20923761825264328,0.05476714995645278,0.38400165435301636,0.6,positive
"Abdominal pain, Nausea",Diarrhea,0.188,0.7386666666666667,0.174,0.925531914893617,1.2529764190798063,1.0,0.03513066666666664,3.5093333333333305,0.24864579204650533,0.23117803365810446,0.715045592705167,0.5805457408403103,0.55,positive
"Abdominal pain, Diarrhea",Nausea,0.17733333333333334,0.7083333333333334,0.174,0.9812030075187969,1.3852277753206543,1.0,0.04838888888888887,15.51666666666655,0.33804343101274853,0.24449648711943792,0.9355531686358749,0.6134250331711631,0.35,positive
Abdominal pain,"Diarrhea, Nausea",0.19233333333333333,0.5726666666666667,0.174,0.9046793760831888,1.5797660816353705,1.0,0.0638571111111111,4.483115151515148,0.45438905255035156,0.29441624365482233,0.7769408176673686,0.6042605262255292,0.55,positive
"Abdominal pain, Vomiting",Diarrhea,0.145,0.7386666666666667,0.137,0.9448275862068967,1.27909871778912,1.0,0.02989333333333334,4.736666666666676,0.25520410921870784,0.18348214285714287,0.7888810696692474,0.5651484501431595,0.55,positive
"Abdominal pain, Diarrhea",Vomiting,0.17733333333333334,0.476,0.137,0.7725563909774437,1.6230176281038733,1.0,0.05258933333333335,2.303867768595042,0.46660909273740386,0.26533247256294384,0.5659473110256559,0.5301857585139319,0.6,positive
Abdominal pain,"Diarrhea, Vomiting",0.19233333333333333,0.395,0.137,0.7123050259965339,1.8033038632823641,1.0,0.06102833333333334,2.1029216867469884,0.5515422456928885,0.30421909696521093,0.5244711173496428,0.5295702345172543,0.6,positive
"Abdominal pain, Nausea",Vomiting,0.188,0.476,0.14366666666666666,0.7641843971631206,1.6054294058048753,1.0,0.05417866666666667,2.222075187969925,0.4644257254866104,0.27610506085842407,0.5499702235937416,0.5330025627272186,0.6,positive
"Abdominal pain, Vomiting",Nausea,0.145,0.7083333333333334,0.14366666666666666,0.9908045977011495,1.3987829614604463,1.0,0.04095833333333333,31.71875000000019,0.33344188002876485,0.20244246124941287,0.9684729064039411,0.596814063556457,0.35,positive
Abdominal pain,"Nausea, Vomiting",0.19233333333333333,0.471,0.14366666666666666,0.7469670710571924,1.5859173483167568,1.0,0.053077666666666676,2.0906369863013703,0.45742895089882063,0.2764592687620269,0.5216768829058458,0.5259959205250576,0.6,positive
"Diarrhea, Increased liver enzymes",Allergic reaction,0.08,0.13633333333333333,0.06233333333333333,0.7791666666666667,5.715158924205379,1.0,0.05142666666666666,3.9109433962264153,0.8967681934433852,0.40476190476190477,0.7443072172906214,0.6181896903015485,0.8,positive
"Allergic reaction, Increased liver enzymes",Diarrhea,0.06266666666666666,0.7386666666666667,0.06233333333333333,0.9946808510638299,1.346589599815654,1.0,0.016043555555555554,49.13066666666736,0.27459094332159345,0.08434821831303563,0.979646113764655,0.5395335663261388,0.55,positive
Increased liver enzymes,"Allergic reaction, Diarrhea",0.109,0.12766666666666668,0.06233333333333333,0.5718654434250764,4.4793637866193965,1.0,0.048417666666666664,2.037521428571428,0.8717777897813548,0.3575525812619502,0.5092076156955404,0.5300580480832954,0.8,positive
"Allergic reaction, Nausea",Diarrhea,0.058666666666666666,0.7386666666666667,0.05266666666666667,0.8977272727272727,1.2153347554972103,1.0,0.009331555555555558,2.5552592592592585,0.18822390361100158,0.07072515666965085,0.6086502782931353,0.4845134558582212,0.55,positive
"Allergic reaction, Diarrhea",Rash,0.12766666666666668,0.227,0.09866666666666667,0.7728459530026109,3.4046077224784623,1.0,0.06968633333333332,3.4029770114942526,0.8096450959939687,0.3854166666666667,0.7061396545958745,0.603750436119514,0.5,positive
"Allergic reaction, Rash",Diarrhea,0.09933333333333333,0.7386666666666667,0.09866666666666667,0.9932885906040269,1.3447047706733215,1.0,0.02529244444444445,38.93866666666672,0.28461399963990647,0.13345356176735798,0.9743185864950007,0.5634312989121217,0.55,positive
Allergic reaction,"Diarrhea, Rash",0.13633333333333333,0.20966666666666667,0.09866666666666667,0.7237163814180929,3.451747447145117,1.0,0.07008211111111111,2.8605870206489676,0.8224141258201466,0.3989218328840971,0.650421402047355,0.5971523083561052,0.55,positive
"Allergic reaction, Increased liver enzymes",Rash,0.06266666666666666,0.227,0.050333333333333334,0.8031914893617021,3.538288499390758,1.0,0.036108,3.927675675675676,0.7653387092215952,0.21030640668523676,0.7453964933527841,0.5124621176617615,0.5,positive
"Increased liver enzymes, Rash",Allergic reaction,0.059333333333333335,0.13633333333333333,0.050333333333333334,0.848314606741573,6.222356528666794,1.0,0.042244222222222225,5.693802469135801,0.8922280473667166,0.34633027522935783,0.8243704439308063,0.6087538803879013,0.8,positive
"Allergic reaction, Rash",Increased liver enzymes,0.09933333333333333,0.109,0.050333333333333334,0.5067114093959731,4.648728526568561,1.0,0.039506,1.8062448979591836,0.8714516105313209,0.3185654008438819,0.44636521817729874,0.48424255485089174,0.78,positive
"Allergic reaction, Nausea",Vomiting,0.058666666666666666,0.476,0.054,0.9204545454545454,1.9337280366692131,1.0,0.026074666666666666,6.5874285714285685,0.5129577169237226,0.11234396671289876,0.8481956974323386,0.516949961802903,0.6,positive
"Allergic reaction, Vomiting",Nausea,0.05433333333333333,0.7083333333333334,0.054,0.9938650306748467,1.4031035727174306,1.0,0.01551388888888889,47.541666666666934,0.3038007458757077,0.0761994355597366,0.9789658194566171,0.5350501623962468,0.35,positive
"Dizziness, Flatulence",Diarrhea,0.07033333333333333,0.7386666666666667,0.06266666666666666,0.8909952606635071,1.2062210207538453,1.0,0.010713777777777773,2.397449275362318,0.1838987511729209,0.08396605627512281,0.5828900280491343,0.48791640289493043,0.55,positive
"Diarrhea, Dizziness",Headache,0.12633333333333333,0.3273333333333333,0.11566666666666667,0.9155672823218998,2.797048723997657,1.0,0.07431355555555556,7.9668958333333375,0.7353837932812674,0.3422090729783038,0.8744805980999499,0.6344638855601352,0.3,positive
"Dizziness, Headache",Diarrhea,0.176,0.7386666666666667,0.11566666666666667,0.6571969696969697,0.8897070889399409,1.0,-0.014338666666666666,0.7623425414364641,-0.13076997908458582,0.14476428869420108,-0.3117462894248609,0.40689270867519967,0.55,positive
"Diarrhea, Headache",Dizziness,0.21866666666666668,0.23466666666666666,0.11566666666666667,0.5289634146341463,2.2541054600886916,1.0,0.06435288888888889,1.6247853290183385,0.7120712887647412,0.3425468904244817,0.38453407835472075,0.5109305709534369,0.35,positive
"Diarrhea, Dizziness",Nausea,0.12633333333333333,0.7083333333333334,0.09933333333333333,0.7862796833773087,1.1100419059444357,1.0,0.009847222222222216,1.3647119341563783,0.11346788586763075,0.13508612873980053,0.2672446287222011,0.46325748874747785,0.35,positive
"Dizziness, Nausea",Diarrhea,0.16166666666666665,0.7386666666666667,0.09933333333333333,0.6144329896907217,0.8318136142022405,1.0,-0.020084444444444446,0.677789661319073,-0.19431753437321958,0.12401165210153975,-0.4753839680201978,0.3744547619933753,0.55,positive
"Diarrhea, Dizziness",Stomach pain,0.12633333333333333,0.24833333333333332,0.06966666666666667,0.5514511873350924,2.2206088080607747,1.0,0.03829388888888889,1.6757745098039216,0.6291564817840446,0.2284153005464481,0.40326100310655305,0.4159940500433851,0.55,positive
"Dizziness, Stomach pain",Diarrhea,0.083,0.7386666666666667,0.06966666666666667,0.8393574297188755,1.1363142099082248,1.0,0.008357333333333328,1.6267999999999998,0.13081976280047786,0.09264184397163121,0.38529628718957454,0.4668357545706291,0.55,positive
"Diarrhea, Dizziness",Vomiting,0.12633333333333333,0.476,0.07366666666666667,0.5831134564643801,1.2250282698831514,1.0,0.01353200000000001,1.25693670886076,0.21025445367299633,0.13934426229508198,0.20441499325263374,0.3689376806131424,0.6,positive
"Dizziness, Vomiting",Diarrhea,0.11833333333333333,0.7386666666666667,0.07366666666666667,0.6225352112676057,0.8427823257232929,1.0,-0.013742222222222225,0.6923383084577115,-0.17463376751738505,0.09404255319148937,-0.44438056912906,0.361132226572431,0.55,positive
"Diarrhea, Flatulence",Headache,0.12566666666666668,0.3273333333333333,0.08666666666666667,0.689655172413793,2.106889528759042,1.0,0.04553177777777778,2.1674814814814813,0.600876858558902,0.23657870791628757,0.538635043231605,0.47721047826392304,0.3,positive
"Flatulence, Headache",Diarrhea,0.095,0.7386666666666667,0.08666666666666667,0.912280701754386,1.2350370511115334,1.0,0.016493333333333332,2.979200000000002,0.21028474288142793,0.11601963409192326,0.6643394199785179,0.5148046108049908,0.55,positive
Flatulence,"Diarrhea, Headache",0.134,0.21866666666666668,0.08666666666666667,0.6467661691542288,2.9577721150345826,1.0,0.05736533333333334,2.2119436619718305,0.7643275892698526,0.3258145363408521,0.5479089195659925,0.5215538162844315,0.55,positive
"Flatulence, Nausea",Diarrhea,0.10033333333333333,0.7386666666666667,0.092,0.9169435215946844,1.2413495328447892,1.0,0.017887111111111104,3.1464533333333335,0.21610795195214536,0.12315930388219545,0.6821818428368025,0.5207461290283891,0.55,positive
"Diarrhea, Flatulence",Nausea,0.12566666666666668,0.7083333333333334,0.092,0.7320954907161803,1.0335465751287252,1.0,0.002986111111111092,1.0886963696369631,0.03712283202660942,0.12398921832884095,0.08147025388404662,0.4309889218286784,0.35,positive
Flatulence,"Diarrhea, Nausea",0.134,0.5726666666666667,0.092,0.6865671641791045,1.1988949316282382,1.0,0.01526266666666666,1.3633968253968254,0.19156876527094416,0.1496746203904555,0.26653782569213214,0.4236095425086442,0.55,positive
"Diarrhea, Flatulence",Stomach pain,0.12566666666666668,0.24833333333333332,0.10333333333333333,0.8222811671087532,3.311199330639275,1.0,0.07212611111111111,4.2295273631840775,0.7983163823742822,0.3817733990147783,0.7635669628941284,0.6191942748295444,0.55,positive
"Flatulence, Stomach pain",Diarrhea,0.104,0.7386666666666667,0.10333333333333333,0.9935897435897436,1.3451124687586782,1.0,0.026511999999999994,40.76800000000014,0.28634792626728106,0.13976555455365192,0.9754709576138149,0.5667407201703231,0.55,positive
Flatulence,"Diarrhea, Stomach pain",0.134,0.21866666666666668,0.10333333333333333,0.7711442786069651,3.526574444848926,1.0,0.074032,3.414086956521738,0.8272964314981749,0.4144385026737968,0.707095919718812,0.6218526271083606,0.55,positive
"Flatulence, Vomiting",Diarrhea,0.06133333333333333,0.7386666666666667,0.05366666666666667,0.8750000000000001,1.1845667870036103,1.0,0.00836177777777778,2.0906666666666682,0.1659902597402598,0.07190710138454667,0.5216836734693882,0.4738267148014441,0.55,positive
"Headache, Nausea",Diarrhea,0.24733333333333332,0.7386666666666667,0.17566666666666667,0.7102425876010782,0.9615197485574163,1.0,-0.0070302222222222155,0.9019038759689921,-0.05048681894420687,0.21678321678321677,-0.10876560866934386,0.4740292360388062,0.55,positive
"Diarrhea, Headache",Nausea,0.21866666666666668,0.7083333333333334,0.17566666666666667,0.8033536585365854,1.1341463414634145,1.0,0.020777777777777756,1.4832041343669249,0.15138170208081014,0.2338065661047027,0.3257839721254354,0.5256768292682927,0.35,positive
Headache,"Diarrhea, Nausea",0.3273333333333333,0.5726666666666667,0.17566666666666667,0.5366598778004074,0.9371243500589186,1.0,-0.011786222222222198,0.9222886446886448,-0.09069720117445658,0.24252185918085598,-0.08425925631729944,0.42170595752651335,0.55,positive
"Headache, Stomach pain",Diarrhea,0.12166666666666667,0.7386666666666667,0.098,0.8054794520547945,1.0904505217348301,1.0,0.00812888888888888,1.3434741784037558,0.09443777511004392,0.12855268911237427,0.25566116857701987,0.46907546609959944,0.55,positive
"Headache, Vomiting",Diarrhea,0.161,0.7386666666666667,0.11266666666666666,0.6997929606625258,0.9473731416911451,1.0,-0.006258666666666676,0.8705103448275859,-0.06209857189159879,0.14315967810249894,-0.14875142603625333,0.42616001823740013,0.55,positive
"Diarrhea, Headache",Vomiting,0.21866666666666668,0.476,0.11266666666666666,0.5152439024390244,1.0824451731912277,1.0,0.00858133333333333,1.0809559748427673,0.0974816729608013,0.19358533791523483,0.07489294358592448,0.37596929015508646,0.6,positive
"Diarrhea, Heartburn",Loss of appetite,0.056,0.09966666666666667,0.05,0.8928571428571429,8.95843287147635,1.0,0.04441866666666667,8.403111111111114,0.9410734463276836,0.47318611987381703,0.8809964563389221,0.6972646918299092,0.35,positive
"Diarrhea, Loss of appetite",Heartburn,0.07166666666666667,0.057,0.05,0.6976744186046512,12.239902080783354,1.0,0.045915000000000004,3.1191538461538464,0.9891921005385997,0.635593220338983,0.6794002318182939,0.7874337005303957,0.28,positive
"Heartburn, Loss of appetite",Diarrhea,0.05,0.7386666666666667,0.05,1.0,1.3537906137184115,1.0,0.013066666666666664,inf,0.27508771929824555,0.06768953068592058,1.0,0.5338447653429603,0.55,positive
Heartburn,"Diarrhea, Loss of appetite",0.057,0.07166666666666667,0.05,0.8771929824561404,12.239902080783354,1.0,0.045915000000000004,7.559285714285719,0.9738069989395548,0.635593220338983,0.8677123688935086,0.7874337005303957,0.55,positive
Loss of appetite,"Diarrhea, Heartburn",0.09966666666666667,0.056,0.05,0.5016722408026756,8.958432871476349,1.0,0.04441866666666667,1.8943355704697986,0.9867160310995927,0.47318611987381703,0.4721104245791055,0.6972646918299092,0.55,positive
"Heartburn, Nausea",Diarrhea,0.057,0.7386666666666667,0.056,0.9824561403508771,1.3300399011970359,1.0,0.013895999999999999,14.895999999999953,0.2631419481896682,0.07570977917981073,0.9328678839957033,0.5291342073595541,0.55,positive
"Diarrhea, Heartburn",Nausea,0.056,0.7083333333333334,0.056,1.0,1.4117647058823528,1.0,0.01633333333333333,inf,0.30896892655367225,0.07905882352941176,1.0,0.5395294117647059,0.35,positive
Heartburn,"Diarrhea, Nausea",0.057,0.5726666666666667,0.056,0.9824561403508771,1.7155811531156178,1.0,0.023358000000000004,24.357999999999926,0.44231934555370406,0.09761766414875073,0.9589457262501025,0.5401221330392337,0.55,positive
"Heartburn, Vomiting",Diarrhea,0.055,0.7386666666666667,0.05466666666666667,0.993939393939394,1.3455858221201182,1.0,0.014040000000000004,43.12000000000051,0.27177700348432066,0.07397383852052322,0.9768089053803343,0.5339733070780003,0.55,positive
"Diarrhea, Heartburn",Vomiting,0.056,0.476,0.05466666666666667,0.9761904761904762,2.0508203281312527,1.0,0.02801066666666667,22.007999999999978,0.5427862753203804,0.11452513966480446,0.9545619774627407,0.5455182072829131,0.6,positive
Heartburn,"Diarrhea, Vomiting",0.057,0.395,0.05466666666666667,0.9590643274853802,2.42801095565919,1.0,0.03215166666666667,14.779285714285734,0.6236906085921942,0.1375838926174497,0.9323377313807937,0.5487304759789771,0.6,positive
"Diarrhea, Increased liver enzymes",Rash,0.08,0.227,0.050333333333333334,0.6291666666666667,2.7716593245227603,1.0,0.03217333333333333,2.0844943820224717,0.694788367405701,0.1961038961038961,0.5202673566192324,0.4254497063142437,0.5,positive
"Increased liver enzymes, Rash",Diarrhea,0.059333333333333335,0.7386666666666667,0.050333333333333334,0.848314606741573,1.148440352086967,1.0,0.006505777777777777,1.7228641975308636,0.13740665818709194,0.06732055283102986,0.41957119926622316,0.45822770048269984,0.55,positive
"Indigestion, Nausea",Diarrhea,0.14033333333333334,0.7386666666666667,0.12166666666666667,0.8669833729216152,1.173713952511212,1.0,0.018007111111111113,1.9646666666666666,0.17216400112606034,0.16065140845070425,0.4910078045469969,0.5158472821286777,0.55,positive
"Diarrhea, Indigestion",Nausea,0.122,0.7083333333333334,0.12166666666666667,0.9972677595628416,1.4079074252651882,1.0,0.035250000000000004,106.7500000000042,0.3299840858738728,0.17168391345249295,0.9906323185011713,0.5845162327225972,0.35,positive
Indigestion,"Diarrhea, Nausea",0.14133333333333334,0.5726666666666667,0.12166666666666667,0.8608490566037736,1.5032288532079865,1.0,0.04072977777777778,3.0710056497175153,0.38986641708499953,0.20540236353404617,0.6743737674035265,0.5366527005952512,0.55,positive
"Diarrhea, Indigestion",Stomach pain,0.122,0.24833333333333332,0.104,0.8524590163934426,3.4327208713829904,1.0,0.07370333333333333,5.094629629629628,0.8071593364873547,0.3904881101376721,0.8037148776852895,0.6356254813510838,0.55,positive
"Indigestion, Stomach pain",Diarrhea,0.10933333333333334,0.7386666666666667,0.104,0.9512195121951219,1.2877520471955621,1.0,0.0232391111111111,5.357333333333328,0.25088284968524477,0.13978494623655913,0.8133399701343951,0.5460068680109184,0.55,positive
Indigestion,"Diarrhea, Stomach pain",0.14133333333333334,0.21866666666666668,0.104,0.7358490566037735,3.3651633686148177,1.0,0.07309511111111111,2.957904761904761,0.8185220576524924,0.40625,0.6619228540150686,0.6057294063506673,0.55,positive
"Loss of appetite, Nausea",Diarrhea,0.09033333333333333,0.7386666666666667,0.07166666666666667,0.7933579335793358,1.0740405237987398,1.0,0.004940444444444442,1.2646666666666666,0.07578208220065272,0.09463028169014084,0.20927780706378493,0.4451897971145777,0.55,positive
"Diarrhea, Loss of appetite",Nausea,0.07166666666666667,0.7083333333333334,0.07166666666666667,1.0,1.4117647058823528,1.0,0.020902777777777777,inf,0.31418312387791736,0.1011764705882353,1.0,0.5505882352941176,0.35,positive
Loss of appetite,"Diarrhea, Nausea",0.09966666666666667,0.5726666666666667,0.07166666666666667,0.7190635451505017,1.255640649273286,1.0,0.014590888888888896,1.5211031746031751,0.22613157917394944,0.1193118756936737,0.342582398948132,0.4221045315973696,0.55,positive
"Loss of appetite, Vomiting",Diarrhea,0.08366666666666667,0.7386666666666667,0.066,0.7888446215139443,1.0679304442878308,1.0,0.004198222222222221,1.2376352201257865,0.06941734551774564,0.08726311150286471,0.19200748028295003,0.43909740100967976,0.55,positive
"Diarrhea, Loss of appetite",Vomiting,0.07166666666666667,0.476,0.066,0.9209302325581395,1.9347273793238227,1.0,0.03188666666666667,6.6270588235294134,0.5204287035525814,0.13702422145328721,0.8491034972483579,0.5297928473715068,0.6,positive
Loss of appetite,"Diarrhea, Vomiting",0.09966666666666667,0.395,0.066,0.6622073578595318,1.676474323695017,1.0,0.026631666666666665,1.791039603960396,0.44817856461692074,0.15396578538102643,0.44166505431327563,0.41464798272723424,0.6,positive
"Nausea, Rash",Diarrhea,0.123,0.7386666666666667,0.118,0.959349593495935,1.2987584749493704,1.0,0.027143999999999988,6.4288,0.26229634926463474,0.158673240699238,0.844449975111996,0.5595484429573537,0.55,positive
"Diarrhea, Rash",Nausea,0.20966666666666667,0.7083333333333334,0.118,0.5627980922098569,0.7945384831197979,1.0,-0.030513888888888896,0.667121212121212,-0.24653061737460719,0.1475,-0.49897796956620516,0.36469316375198724,0.35,positive
Rash,"Diarrhea, Nausea",0.227,0.5726666666666667,0.118,0.5198237885462554,0.9077248926884554,1.0,-0.01199533333333333,0.8899510703363913,-0.11622333897451131,0.17310513447432763,-0.12365728109300597,0.3629386695932674,0.55,positive
"Nausea, Stomach pain",Diarrhea,0.212,0.7386666666666667,0.18266666666666667,0.8616352201257862,1.1664736734554866,1.0,0.026069333333333333,1.888727272727273,0.1811108229278595,0.2378472222222222,0.47054293415479403,0.5544638194491747,0.55,positive
"Diarrhea, Stomach pain",Nausea,0.21866666666666668,0.7083333333333334,0.18266666666666667,0.8353658536585366,1.1793400286944045,1.0,0.027777777777777762,1.7716049382716044,0.1946264417926807,0.24540976265114195,0.43554006968641096,0.5466241032998564,0.35,positive
Stomach pain,"Diarrhea, Nausea",0.24833333333333332,0.5726666666666667,0.18266666666666667,0.7355704697986578,1.2844653139673885,1.0,0.04045444444444446,1.6160575296108297,0.29463317526340504,0.28616187989556136,0.3812101477347687,0.5272730113836129,0.55,positive
"Diarrhea, Nausea",Vomiting,0.5726666666666667,0.476,0.394,0.6880093131548313,1.4453977167118304,1.0,0.12141066666666672,1.6795373134328362,0.7210972702867509,0.6018329938900204,0.40459792586799864,0.757870202795903,0.6,positive
"Nausea, Vomiting",Diarrhea,0.471,0.7386666666666667,0.394,0.8365180467091295,1.1324702798408792,1.0,0.04608800000000002,1.5985454545454547,0.22112404402521763,0.4830404577033102,0.37443130118289364,0.6849557742570919,0.55,positive
"Diarrhea, Vomiting",Nausea,0.395,0.7083333333333334,0.394,0.9974683544303797,1.4081906180193595,1.0,0.1142083333333333,115.2083333333327,0.4791220931045572,0.5554511278195488,0.9913200723327306,0.7768518242740134,0.35,positive
Nausea,"Diarrhea, Vomiting",0.7083333333333334,0.395,0.394,0.556235294117647,1.4081906180193595,1.0,0.1142083333333333,1.3633351007423118,0.9938361131254531,0.5554511278195488,0.2665046183762761,0.7768518242740134,0.6,positive
Diarrhea,"Nausea, Vomiting",0.7386666666666667,0.471,0.394,0.5333935018050542,1.1324702798408794,1.0,0.04608800000000002,1.1337176015473889,0.44760696156635266,0.4830404577033102,0.11794612817590587,0.6849557742570919,0.6,positive
Vomiting,"Diarrhea, Nausea",0.476,0.5726666666666667,0.394,0.8277310924369748,1.4453977167118304,1.0,0.12141066666666672,2.480617886178863,0.5880704201702383,0.6018329938900204,0.5968746312877726,0.757870202795903,0.55,positive
"Rash, Vomiting",Diarrhea,0.077,0.7386666666666667,0.07266666666666667,0.9437229437229437,1.27760326316283,1.0,0.015789333333333336,4.643692307692309,0.23541105489677658,0.09780170480035891,0.7846541213888153,0.5210491974932409,0.55,positive
"Stomach pain, Vomiting",Diarrhea,0.12533333333333332,0.7386666666666667,0.10366666666666667,0.8271276595744682,1.1197576618787926,1.0,0.011087111111111117,1.5117128205128214,0.12227472355109409,0.13634370889960545,0.33849869735128135,0.48373530993163844,0.55,positive
"Dizziness, Flatulence",Headache,0.07033333333333333,0.3273333333333333,0.07033333333333333,1.0,3.054989816700611,1.0,0.04731088888888889,inf,0.7235568304051633,0.21486761710794303,1.0,0.6074338085539714,0.3,positive
"Flatulence, Headache",Dizziness,0.095,0.23466666666666666,0.07033333333333333,0.7403508771929824,3.1549043062200957,1.0,0.04804,2.947567567567567,0.7547327904480113,0.2712082262210797,0.6607372088758481,0.5200333931419457,0.35,positive
Flatulence,"Dizziness, Headache",0.134,0.176,0.07033333333333333,0.5248756218905473,2.982247851650837,1.0,0.04674933333333333,1.7342827225130892,0.7675317141512428,0.29346314325452016,0.42339274501280005,0.4622484170058797,0.35,positive
"Dizziness, Stomach pain",Flatulence,0.083,0.134,0.05733333333333333,0.6907630522088353,5.154948150812203,1.0,0.04621133333333333,2.8004415584415576,0.8789657883391241,0.3590814196242171,0.6429134552065072,0.5593118743631241,0.18,positive
"Dizziness, Flatulence",Stomach pain,0.07033333333333333,0.24833333333333332,0.05733333333333333,0.8151658767772512,3.2825471548077227,1.0,0.03986722222222222,4.066709401709401,0.7479654289692896,0.21938775510204084,0.7541009447147465,0.5230191799993639,0.55,positive
"Flatulence, Stomach pain",Dizziness,0.104,0.23466666666666666,0.05733333333333333,0.5512820512820513,2.349213286713287,1.0,0.032928,1.7056,0.6409883720930232,0.2037914691943128,0.41369606003752346,0.3978001165501166,0.35,positive
"Dizziness, Headache",Nausea,0.176,0.7083333333333334,0.13,0.7386363636363638,1.0427807486631018,1.0,0.005333333333333343,1.1159420289855075,0.04978839930296249,0.1723376049491825,0.1038961038961042,0.46108288770053485,0.35,positive
"Dizziness, Nausea",Headache,0.16166666666666665,0.3273333333333333,0.13,0.8041237113402063,2.4565897495118323,1.0,0.07708111111111113,3.434140350877196,0.7072743029005455,0.36211699164345407,0.7088063102183444,0.6006361937556429,0.3,positive
"Headache, Nausea",Dizziness,0.24733333333333332,0.23466666666666666,0.13,0.5256064690026955,2.2398002940455775,1.0,0.07195911111111111,1.6132878787878788,0.735427312575231,0.3693181818181819,0.380147825351954,0.539791870864984,0.35,positive
Dizziness,"Headache, Nausea",0.23466666666666666,0.24733333333333332,0.13,0.5539772727272727,2.239800294045577,1.0,0.07195911111111111,1.6875074309978768,0.7232556061824355,0.3693181818181819,0.40741001690957407,0.539791870864984,0.35,positive
"Dizziness, Stomach pain",Headache,0.083,0.3273333333333333,0.082,0.9879518072289156,3.0181827104753025,1.0,0.054831333333333336,55.83133333333316,0.7291982516335522,0.24974619289340105,0.9820889106475453,0.6192304860991829,0.3,positive
"Headache, Stomach pain",Dizziness,0.12166666666666667,0.23466666666666666,0.082,0.673972602739726,2.8720423412204235,1.0,0.05344888888888889,2.347450980392157,0.7421051819626356,0.298906439854192,0.5740060140327431,0.5117022104607721,0.35,positive
"Dizziness, Headache",Vomiting,0.176,0.476,0.09333333333333334,0.5303030303030304,1.1140819964349378,1.0,0.009557333333333348,1.1156129032258066,0.12427184466019435,0.1670644391408115,0.10363173721952368,0.36319073083778974,0.6,positive
"Dizziness, Vomiting",Headache,0.11833333333333333,0.3273333333333333,0.09333333333333334,0.7887323943661972,2.409569432890623,1.0,0.0545988888888889,3.1839555555555568,0.6635025654874427,0.26490066225165565,0.68592526417175,0.5369323886291272,0.3,positive
"Headache, Vomiting",Dizziness,0.161,0.23466666666666666,0.09333333333333334,0.5797101449275363,2.4703557312252964,1.0,0.055552000000000004,1.8209655172413794,0.7094159713945174,0.308710033076075,0.45084078169974245,0.48871870882740454,0.35,positive
"Dizziness, Stomach pain",Nausea,0.083,0.7083333333333334,0.058666666666666666,0.7068273092369477,0.9978738483345143,1.0,-0.00012500000000000705,0.9948630136986297,-0.002318148942615126,0.08007279344858963,-0.0051635111876080185,0.3948254193243562,0.35,positive
"Dizziness, Nausea",Vomiting,0.16166666666666665,0.476,0.118,0.7298969072164949,1.5333968639001996,1.0,0.041046666666666676,1.9400000000000006,0.41493412406914454,0.22706863373957667,0.48453608247422697,0.48889803344018024,0.6,positive
"Dizziness, Vomiting",Nausea,0.11833333333333333,0.7083333333333334,0.118,0.9971830985915493,1.4077879038939518,1.0,0.03418055555555555,103.54166666666679,0.3285433554409235,0.1665098777046096,0.9903420523138833,0.5818856669428335,0.35,positive
Dizziness,"Nausea, Vomiting",0.23466666666666666,0.471,0.118,0.5028409090909091,1.0676027793862188,1.0,0.007472000000000006,1.0640457142857143,0.08273784917025934,0.20079410096426545,0.06019075442515895,0.3766858473267709,0.6,positive
"Flatulence, Nausea",Headache,0.10033333333333333,0.3273333333333333,0.064,0.637873754152824,1.9486978232774665,1.0,0.031157555555555563,1.8575474006116213,0.5411302025441523,0.17598533455545373,0.46165572966227547,0.41669655121083155,0.3,positive
"Flatulence, Headache",Nausea,0.095,0.7083333333333334,0.064,0.6736842105263158,0.9510835913312693,1.0,-0.003291666666666665,0.8938172043010751,-0.05377515179568161,0.08656447249774571,-0.1187969924812032,0.3820185758513932,0.35,positive
"Headache, Stomach pain",Flatulence,0.12166666666666667,0.134,0.07366666666666667,0.6054794520547946,4.5185033735432425,1.0,0.057363333333333336,2.195069444444445,0.8865515553762009,0.40476190476190466,0.544433547407384,0.5776153479179446,0.18,positive
"Flatulence, Headache",Stomach pain,0.095,0.24833333333333332,0.07366666666666667,0.7754385964912281,3.1225715294948784,1.0,0.05007500000000001,3.3472656250000012,0.7511062223444414,0.273176761433869,0.7012486871280197,0.5360414458966208,0.55,positive
"Flatulence, Stomach pain",Headache,0.104,0.3273333333333333,0.07366666666666667,0.7083333333333334,2.163951120162933,1.0,0.039624000000000006,2.306285714285715,0.6003151260504203,0.20596458527493014,0.5664023785926661,0.46669212491513923,0.3,positive
Flatulence,"Headache, Stomach pain",0.134,0.12166666666666667,0.07366666666666667,0.5497512437810945,4.5185033735432425,1.0,0.057363333333333336,1.9507734806629833,0.8991775782972631,0.40476190476190466,0.4873828202441304,0.5776153479179446,0.55,positive
"Flatulence, Nausea",Stomach pain,0.10033333333333333,0.24833333333333332,0.07266666666666667,0.7242524916943522,2.916452986688667,1.0,0.04775055555555556,2.7259236947791172,0.7304013379063262,0.2632850241545894,0.633151873651023,0.5084349706793909,0.55,positive
"Flatulence, Stomach pain",Nausea,0.104,0.7083333333333334,0.07266666666666667,0.6987179487179488,0.9864253393665159,1.0,-0.0010000000000000009,0.9680851063829788,-0.015126457182041883,0.09824245155475439,-0.03296703296703286,0.4006530920060332,0.35,positive
Flatulence,"Nausea, Stomach pain",0.134,0.212,0.07266666666666667,0.5422885572139303,2.557964892518539,1.0,0.04425866666666667,1.721608695652174,0.703307413606797,0.2658536585365854,0.4191479152461045,0.4425279264057073,0.55,positive
"Flatulence, Nausea",Vomiting,0.10033333333333333,0.476,0.060333333333333336,0.6013289036544851,1.263296016080851,1.0,0.012574666666666671,1.314366666666667,0.23166345628317433,0.11692506459948321,0.2391772970505441,0.36403980196729857,0.6,positive
"Flatulence, Vomiting",Nausea,0.06133333333333333,0.7083333333333334,0.060333333333333336,0.9836956521739132,1.3887468030690537,1.0,0.01688888888888889,17.88888888888905,0.298216976393772,0.08505639097744361,0.9440993788819881,0.5344360613810742,0.35,positive
"Headache, Stomach pain",Nausea,0.12166666666666667,0.7083333333333334,0.08966666666666667,0.736986301369863,1.0404512489927478,1.0,0.0034861111111111065,1.1089409722222219,0.04426401811474074,0.12111661413777577,0.09823874755381583,0.4317872683319903,0.35,positive
"Headache, Nausea",Vomiting,0.24733333333333332,0.476,0.157,0.6347708894878706,1.3335522888400644,1.0,0.03926933333333335,1.4347158671586717,0.33231595516013845,0.27722189523248975,0.30299788070204325,0.48230141113048997,0.6,positive
"Headache, Vomiting",Nausea,0.161,0.7083333333333334,0.157,0.9751552795031055,1.3766898063573254,1.0,0.04295833333333332,11.739583333333309,0.3261262902707448,0.22040243331773512,0.9148181011535047,0.5984011691633174,0.35,positive
"Stomach pain, Vomiting",Headache,0.12533333333333332,0.3273333333333333,0.06533333333333333,0.5212765957446809,1.5924946916843612,1.0,0.024307555555555554,1.4051259259259261,0.4253670980587357,0.1686746987951807,0.2883200134955613,0.3604346318845604,0.3,positive
"Headache, Stomach pain",Vomiting,0.12166666666666667,0.476,0.06533333333333333,0.5369863013698629,1.12812248186946,1.0,0.007419999999999996,1.1317159763313607,0.12930333423692053,0.12273011897307451,0.11638607131653232,0.3371206016653236,0.6,positive
"Heartburn, Nausea",Loss of appetite,0.057,0.09966666666666667,0.05,0.8771929824561404,8.801267382503081,1.0,0.044319000000000004,7.331285714285718,0.9399575821845176,0.46875,0.8635982774411037,0.689432611629408,0.35,positive
"Loss of appetite, Nausea",Heartburn,0.09033333333333333,0.057,0.05,0.5535055350553506,9.710623422023694,1.0,0.044851,2.11200826446281,0.9860974716013192,0.5136986301369862,0.5265170043004779,0.7153492587557455,0.28,positive
"Heartburn, Loss of appetite",Nausea,0.05,0.7083333333333334,0.05,1.0,1.4117647058823528,1.0,0.01458333333333333,inf,0.3070175438596491,0.07058823529411765,1.0,0.5352941176470588,0.35,positive
Heartburn,"Loss of appetite, Nausea",0.057,0.09033333333333333,0.05,0.8771929824561404,9.710623422023694,1.0,0.044851,7.407285714285718,0.9512407211028633,0.5136986301369862,0.8649977821064204,0.7153492587557455,0.35,positive
Loss of appetite,"Heartburn, Nausea",0.09966666666666667,0.057,0.05,0.5016722408026756,8.801267382503081,1.0,0.044319000000000004,1.8923288590604026,0.9845020362828583,0.46875,0.471550626513972,0.689432611629408,0.35,positive
"Heartburn, Vomiting",Loss of appetite,0.055,0.09966666666666667,0.05,0.9090909090909092,9.121313469139556,1.0,0.04451833333333333,9.903666666666675,0.9421869488536155,0.47770700636942676,0.8990272962875704,0.7053815749467924,0.35,positive
"Loss of appetite, Vomiting",Heartburn,0.08366666666666667,0.057,0.05,0.5976095617529881,10.484378276368211,1.0,0.045231,2.3434950495049507,0.9872171698799562,0.5514705882352942,0.5732869159628717,0.7374012721045642,0.28,positive
"Heartburn, Loss of appetite",Vomiting,0.05,0.476,0.05,1.0,2.100840336134454,1.0,0.0262,inf,0.5515789473684211,0.10504201680672269,1.0,0.5525210084033614,0.6,positive
Heartburn,"Loss of appetite, Vomiting",0.057,0.08366666666666667,0.05,0.8771929824561404,10.484378276368211,1.0,0.045231,7.461571428571433,0.9593001060445387,0.5514705882352942,0.8659799735789091,0.7374012721045642,0.6,positive
Loss of appetite,"Heartburn, Vomiting",0.09966666666666667,0.055,0.05,0.5016722408026756,9.121313469139556,1.0,0.04451833333333333,1.8963422818791946,0.9889300259163272,0.47770700636942676,0.4726690378864292,0.7053815749467924,0.6,positive
"Heartburn, Nausea",Vomiting,0.057,0.476,0.055,0.9649122807017544,2.0271266401297363,1.0,0.027868,14.934000000000001,0.5373180372119928,0.11506276150627615,0.9330387036293023,0.5402292495945746,0.6,positive
"Heartburn, Vomiting",Nausea,0.055,0.7083333333333334,0.055,1.0,1.4117647058823528,1.0,0.016041666666666662,inf,0.3086419753086419,0.0776470588235294,1.0,0.5388235294117647,0.35,positive
Heartburn,"Nausea, Vomiting",0.057,0.471,0.055,0.9649122807017544,2.048646031213916,1.0,0.028153,15.076500000000001,0.5428130723994987,0.11627906976744186,0.9336716081318609,0.5408425522404738,0.6,positive
"Increased liver enzymes, Nausea",Vomiting,0.056666666666666664,0.476,0.052,0.9176470588235294,1.9278299555116165,1.0,0.025026666666666666,6.36285714285714,0.5101929872247893,0.10818307905686547,0.8428378985181858,0.5134453781512605,0.6,positive
"Increased liver enzymes, Vomiting",Nausea,0.052,0.7083333333333334,0.052,1.0,1.4117647058823528,1.0,0.015166666666666662,inf,0.3076652601969057,0.07341176470588234,1.0,0.5367058823529411,0.35,positive
"Nausea, Stomach pain",Indigestion,0.212,0.14133333333333334,0.109,0.5141509433962265,3.637860448558206,1.0,0.07903733333333333,1.7673527508090616,0.920194352597836,0.4461118690313779,0.4341819992968476,0.6426886792452831,0.26,positive
"Indigestion, Nausea",Stomach pain,0.14033333333333334,0.24833333333333332,0.109,0.7767220902612826,3.127739960783688,1.0,0.07415055555555555,3.3665070921985807,0.791330352304487,0.38974970202622167,0.7029562176425046,0.6078241323789635,0.55,positive
"Indigestion, Stomach pain",Nausea,0.10933333333333334,0.7083333333333334,0.109,0.9969512195121951,1.4074605451936872,1.0,0.031555555555555545,95.66666666666657,0.32503799739969585,0.1538099717779868,0.9895470383275261,0.5754167862266858,0.35,positive
Indigestion,"Nausea, Stomach pain",0.14133333333333334,0.212,0.109,0.7712264150943396,3.637860448558206,1.0,0.07903733333333333,3.4444536082474233,0.8444640720268961,0.4461118690313779,0.7096781917440859,0.6426886792452831,0.55,positive
"Indigestion, Vomiting",Nausea,0.06166666666666667,0.7083333333333334,0.06166666666666667,1.0,1.4117647058823528,1.0,0.017986111111111112,inf,0.3108348134991119,0.08705882352941176,1.0,0.5435294117647059,0.35,positive
"Loss of appetite, Nausea",Vomiting,0.09033333333333333,0.476,0.08366666666666667,0.9261992619926199,1.9457967688920588,1.0,0.040668,7.1002,0.5343404688318912,0.17334254143646408,0.8591588969324808,0.5509847850579346,0.6,positive
"Loss of appetite, Vomiting",Nausea,0.08366666666666667,0.7083333333333334,0.08366666666666667,1.0,1.4117647058823528,1.0,0.024402777777777773,inf,0.31829756275009086,0.11811764705882352,1.0,0.5590588235294117,0.35,positive
Loss of appetite,"Nausea, Vomiting",0.09966666666666667,0.471,0.08366666666666667,0.8394648829431438,1.7823033608134689,1.0,0.03672366666666667,3.2952291666666667,0.48751753445308,0.17180013689253937,0.6965309696467747,0.5085505589521098,0.6,positive
"Nausea, Rash",Vomiting,0.123,0.476,0.07666666666666666,0.6233062330623306,1.3094668761813668,1.0,0.018118666666666665,1.3910503597122301,0.2694759803678548,0.14677728142948307,0.28111876538612707,0.39218532941631934,0.6,positive
"Rash, Vomiting",Nausea,0.077,0.7083333333333334,0.07666666666666666,0.9956709956709956,1.4056531703590525,1.0,0.022124999999999992,67.37499999999882,0.3126619247256111,0.1081843838193791,0.9851576994434135,0.5519531448943213,0.35,positive
"Nausea, Stomach pain",Vomiting,0.212,0.476,0.12533333333333332,0.5911949685534591,1.242006236456847,1.0,0.024421333333333337,1.2817846153846153,0.247272923641862,0.22274881516587677,0.21983772624705938,0.42725014534115535,0.6,positive
"Stomach pain, Vomiting",Nausea,0.12533333333333332,0.7083333333333334,0.12533333333333332,1.0,1.4117647058823528,1.0,0.03655555555555555,inf,0.3334603658536585,0.1769411764705882,1.0,0.5884705882352941,0.35,positive
Stomach pain,"Nausea, Vomiting",0.24833333333333332,0.471,0.12533333333333332,0.5046979865771812,1.071545619059833,1.0,0.008368333333333339,1.0680352303523035,0.08882742840968068,0.21099887766554432,0.0637012978774693,0.38539924098851985,0.6,positive
