antecedents,consequents,antecedent support,consequent support,support,confidence,lift,representativity,leverage,conviction,zhangs_metric,jaccard,certainty,kulczynski,wsup_ant,wsup_cons,weight_cons,wconf,rule_type
Abdominal pain,Diarrhea,0.2115878254492116,0.8122478914558122,0.19508617528419508,0.9220103986135182,1.1351342469612027,1.0,0.023224410205352514,2.407399258444363,0.15099580346214367,0.23539823008849556,0.5846139785528597,0.5810954927604837,0.10578333333333334,0.40608333333333335,0.55,0.5071057192374351,positive (weighted)
Abdominal pain,Nausea,0.2115878254492116,0.7557755775577558,0.2068206820682068,0.9774696707105719,1.2933332324249052,1.0,0.0469077710851393,10.839807057628823,0.2876719445818901,0.27193828351012533,0.9077474354770714,0.6255616184702787,0.10578333333333334,0.24045,0.35,0.34211438474870015,positive (weighted)
Abdominal pain,Vomiting,0.2115878254492116,0.5236523652365237,0.15951595159515952,0.7538994800693241,1.4396945953424696,1.0,0.04871748634342715,1.9355815863276464,0.38737129109863666,0.2770700636942675,0.48335941658895043,0.5292606644044099,0.10578333333333334,0.28559999999999997,0.6,0.4523396880415944,positive (weighted)
Abnormal liver function tests,Diarrhea,0.06050605060506051,0.8122478914558122,0.05977264393105977,0.9878787878787878,1.2162281961830494,1.0,0.0106267319067807,15.489548954895392,0.189235786842143,0.07352277852954442,0.9354403409090905,0.5307339763321705,0.022000000000000002,0.40608333333333335,0.55,0.5433333333333333,positive (weighted)
Abnormal liver function tests,Rash,0.06050605060506051,0.24972497249724973,0.03777044371103777,0.6242424242424243,2.4997196635963155,1.0,0.022660571887771836,1.996699669966997,0.638593938291535,0.13862718707940783,0.49917355371900823,0.3877452943532239,0.022000000000000002,0.1135,0.5,0.31212121212121213,positive (weighted)
Allergic reaction,Diarrhea,0.14998166483314998,0.8122478914558122,0.14044737807114044,0.9364303178484107,1.152887348430075,1.0,0.01862508705338202,2.953485092098951,0.15601141706296726,0.17090584560464075,0.6614169468215155,0.5546711408655146,0.10906666666666667,0.40608333333333335,0.55,0.515036674816626,positive (weighted)
Increased liver enzymes,Allergic reaction,0.11807847451411808,0.14998166483314998,0.06894022735606894,0.5838509316770186,3.8928153806435937,1.0,0.051230621167482844,2.042581372565117,0.8426106958021852,0.3462246777163904,0.5104234213473813,0.5217543166942551,0.08372,0.10906666666666667,0.8,0.4670807453416149,positive (weighted)
Allergic reaction,Rash,0.14998166483314998,0.24972497249724973,0.10927759442610928,0.7286063569682152,2.917635147507082,1.0,0.07182342730055917,2.764526903140765,0.7732264565032342,0.3762626262626263,0.6382744552552897,0.5830990668835202,0.10906666666666667,0.1135,0.5,0.3643031784841076,positive (weighted)
Constipation,Diarrhea,0.08104143747708104,0.8122478914558122,0.04913824715804914,0.6063348416289593,0.7464898930574141,1.0,-0.016687489553257967,0.47693351710650006,-0.2698341599605131,0.0582102519548219,-1.0967282946832573,0.33341572781222234,0.023573333333333335,0.40608333333333335,0.55,0.33348416289592764,positive (weighted)
Constipation,Headache,0.08104143747708104,0.3564356435643564,0.04583791712504584,0.5656108597285069,1.5868526897938666,1.0,0.016951860202521908,1.4815387788778882,0.40243575418994426,0.11704119850187267,0.325026105116603,0.3471058413868872,0.023573333333333335,0.0972,0.3,0.16968325791855207,positive (weighted)
Constipation,Nausea,0.08104143747708104,0.7557755775577558,0.04950495049504951,0.6108597285067874,0.8082554486356182,1.0,-0.011744188720302168,0.6275999692992554,-0.20518459001141787,0.06287843502561714,-0.5933716521951817,0.3381809559564505,0.023573333333333335,0.24045,0.35,0.21380090497737558,positive (weighted)
Dizziness,Diarrhea,0.2511917858452512,0.8122478914558122,0.138980564723139,0.5532846715328468,0.6811771102799428,1.0,-0.06504943368068625,0.42029475278682565,-0.38463654723852236,0.1503371677905593,-1.379282618613138,0.3621953831704866,0.07991666666666666,0.40608333333333335,0.55,0.30430656934306577,positive (weighted)
Flatulence,Diarrhea,0.1474147414741474,0.8122478914558122,0.13824715804913826,0.937810945273632,1.1545871095987335,1.0,0.018509845117258353,3.019053905390545,0.15703944553777716,0.16830357142857147,0.6687704057835827,0.5540070527722561,0.02412,0.40608333333333335,0.55,0.5157960199004976,positive (weighted)
Headache,Diarrhea,0.3564356435643564,0.8122478914558122,0.24055738907224056,0.6748971193415638,0.8309004263857538,1.0,-0.04895671085260339,0.577515979446046,-0.24025372389708494,0.25918609245357566,-0.731553819444444,0.48552982377913406,0.0972,0.40608333333333335,0.55,0.3711934156378601,positive (weighted)
Increased liver enzymes,Diarrhea,0.11807847451411808,0.8122478914558122,0.08800880088008801,0.7453416149068323,0.91762825456024,1.0,-0.007900191070323262,0.7372704750149812,-0.09238147653117379,0.1044841097083152,-0.35635432841614906,0.42684687968817914,0.08372,0.40608333333333335,0.55,0.40993788819875776,positive (weighted)
Indigestion,Diarrhea,0.15548221488815547,0.8122478914558122,0.1342134213421342,0.8632075471698113,1.0627390434004855,1.0,0.007923320140350437,1.372532655564407,0.06990406905699159,0.16102067751869775,0.2714198850235849,0.5142222837429192,0.03674666666666667,0.40608333333333335,0.55,0.47476415094339625,positive (weighted)
Insomnia (difficulty in sleeping),Diarrhea,0.05683901723505684,0.8122478914558122,0.03226989365603227,0.567741935483871,0.6989761887424453,1.0,-0.01389747824556322,0.43435189290073295,-0.3134780168949149,0.0385626643295355,-1.3022807459677415,0.3037355275613486,0.020666666666666667,0.40608333333333335,0.55,0.3122580645161291,positive (weighted)
Loss of appetite,Diarrhea,0.1078107810781078,0.8122478914558122,0.07884121745507884,0.7312925170068028,0.900331690238172,1.0,-0.008727862151818408,0.6987230368606483,-0.1103826530612245,0.0937227550130776,-0.43118223852040777,0.41417898988037655,0.0343,0.40608333333333335,0.55,0.4022108843537415,positive (weighted)
Diarrhea,Nausea,0.8122478914558122,0.7557755775577558,0.62999633296663,0.7756207674943567,1.026258046073319,1.0,0.01611921368154423,1.0884448605826378,0.13627651156868498,0.671618451915559,0.08125800744310907,0.804598350753486,0.40608333333333335,0.24045,0.35,0.27146726862302484,positive (weighted)
Nausea,Diarrhea,0.7557755775577558,0.8122478914558122,0.62999633296663,0.8335759340126152,1.026258046073319,1.0,0.01611921368154423,1.1281547979870874,0.10476512601076086,0.671618451915559,0.11359682041484713,0.804598350753486,0.24045,0.40608333333333335,0.55,0.4584667637069384,positive (weighted)
Rash,Diarrhea,0.24972497249724973,0.8122478914558122,0.23065639897323065,0.9236417033773862,1.1371426298465608,1.0,0.027817816618478847,2.458830498434458,0.160744840061728,0.2774591971768858,0.5933025881057268,0.6038073076706344,0.1135,0.40608333333333335,0.55,0.5080029368575625,positive (weighted)
Stomach pain,Diarrhea,0.2731939860652732,0.8122478914558122,0.24055738907224056,0.8805369127516779,1.0840741133516143,1.0,0.018656149932313876,1.5716328187125836,0.10670500972164125,0.2847222222222222,0.36371906459731573,0.5883497204841911,0.13658333333333333,0.40608333333333335,0.55,0.48429530201342286,positive (weighted)
Diarrhea,Vomiting,0.8122478914558122,0.5236523652365237,0.43454345434543457,0.5349887133182845,1.0216486142989927,1.0,0.00920792482621935,1.0243786514573787,0.11286095727848124,0.48209926769731487,0.02379847668896197,0.6824103230456968,0.40608333333333335,0.28559999999999997,0.6,0.3209932279909707,positive (weighted)
Vomiting,Diarrhea,0.5236523652365237,0.8122478914558122,0.43454345434543457,0.8298319327731092,1.0216486142989927,1.0,0.00920792482621935,1.10333337860535,0.04448407246080247,0.48209926769731487,0.09365562631302501,0.6824103230456968,0.28559999999999997,0.40608333333333335,0.55,0.4564075630252101,positive (weighted)
Weakness,Diarrhea,0.053171983865053174,0.8122478914558122,0.03263659699303264,0.6137931034482759,0.7556721413559586,1.0,-0.010552234785879272,0.4861438524804862,-0.25455607097674116,0.03918978423601938,-1.0570043103448272,0.32698684517786253,0.02175,0.40608333333333335,0.55,0.3375862068965518,positive (weighted)
Flatulence,Dizziness,0.1474147414741474,0.2511917858452512,0.07737440410707737,0.5248756218905473,2.0895413443730253,1.0,0.040345031936270266,1.5760256653937643,0.6115823268613361,0.24086757990867577,0.36549256655020684,0.4164524094854196,0.02412,0.07991666666666666,0.35,0.18370646766169152,positive (weighted)
Headache,Dizziness,0.3564356435643564,0.2511917858452512,0.1936193619361936,0.5432098765432098,2.162530413625304,1.0,0.10408565609036151,1.639282847203639,0.8353146853146853,0.4676705048715678,0.3899771465883121,0.6570063981256196,0.0972,0.07991666666666666,0.35,0.19012345679012344,positive (weighted)
Dizziness,Headache,0.2511917858452512,0.3564356435643564,0.1936193619361936,0.7708029197080292,2.162530413625304,1.0,0.10408565609036151,2.807908179352967,0.7179124744012111,0.4676705048715678,0.643862998315553,0.6570063981256196,0.07991666666666666,0.0972,0.3,0.23124087591240874,positive (weighted)
Insomnia (difficulty in sleeping),Dizziness,0.05683901723505684,0.2511917858452512,0.0407040704070407,0.7161290322580645,2.850925359076995,1.0,0.02642657616207776,2.637847118045137,0.6883625460608352,0.15226337448559668,0.6209029730498246,0.4390864139392512,0.020666666666666667,0.07991666666666666,0.35,0.25064516129032255,positive (weighted)
Dizziness,Nausea,0.2511917858452512,0.7557755775577558,0.17785111844517784,0.7080291970802919,0.936824658145539,1.0,-0.011993498579780992,0.836468646864686,-0.08261699210789596,0.21450685537372843,-0.19550207141448073,0.4716759279918684,0.07991666666666666,0.24045,0.35,0.24781021897810215,positive (weighted)
Sleepiness,Dizziness,0.08984231756508984,0.2511917858452512,0.05243857719105244,0.5836734693877551,2.3236168628035156,1.0,0.02987092499740134,1.7986079653717004,0.6258656734079779,0.18170266836086404,0.4440144716064683,0.39621629673767317,0.03266666666666667,0.07991666666666666,0.35,0.20428571428571426,positive (weighted)
Dizziness,Vomiting,0.2511917858452512,0.5236523652365237,0.1301796846351302,0.5182481751824818,0.9896798135312519,1.0,-0.001357488150721925,0.9887822115544888,-0.013734600444894884,0.20193401592718996,-0.011345054870956349,0.3834238074791961,0.07991666666666666,0.28559999999999997,0.6,0.3109489051094891,positive (weighted)
Weakness,Dizziness,0.053171983865053174,0.2511917858452512,0.042170883755042174,0.7931034482758621,3.157362194815001,1.0,0.028814518171044586,3.619239701747953,0.7216515677095612,0.16083916083916086,0.7236988753419569,0.4804933299773471,0.02175,0.07991666666666666,0.35,0.2775862068965517,positive (weighted)
Flatulence,Headache,0.1474147414741474,0.3564356435643564,0.10451045104510451,0.7089552238805971,1.9890132669983418,1.0,0.051966582796893555,2.2112211221122116,0.5832122241086588,0.26170798898071623,0.5477611940298508,0.5010825502119035,0.02412,0.0972,0.3,0.2126865671641791,positive (weighted)
Flatulence,Nausea,0.1474147414741474,0.7557755775577558,0.11037770443711038,0.7487562189054727,0.9907123769797302,1.0,-0.001034756941040632,0.9720615625919029,-0.01087601763907727,0.13922294172062905,-0.028741427995159153,0.44740091391658887,0.02412,0.24045,0.35,0.26206467661691546,positive (weighted)
Flatulence,Stomach pain,0.1474147414741474,0.2731939860652732,0.11441144114411442,0.7761194029850748,2.8409095462285894,1.0,0.07413862031601035,3.2464001955751147,0.7600413564929694,0.3736526946107785,0.6919665045107463,0.5974556746468999,0.02412,0.13658333333333333,0.55,0.4268656716417912,positive (weighted)
Insomnia (difficulty in sleeping),Headache,0.05683901723505684,0.3564356435643564,0.0484048404840484,0.8516129032258064,2.389247311827957,1.0,0.028145388796305373,4.337064141196727,0.6164993637777463,0.13266331658291458,0.7694292803970223,0.4937076861808044,0.020666666666666667,0.0972,0.3,0.2554838709677419,positive (weighted)
Headache,Nausea,0.3564356435643564,0.7557755775577558,0.2720938760542721,0.7633744855967078,1.0100544503746833,1.0,0.0027085216772502196,1.0321136461472233,0.015467551316607842,0.3238760366652117,0.03111444778111437,0.5616969468255252,0.0972,0.24045,0.35,0.2671810699588477,positive (weighted)
Sleepiness,Headache,0.08984231756508984,0.3564356435643564,0.050238357169050236,0.5591836734693877,1.5688208616780044,1.0,0.018215352888424158,1.4599376604327097,0.39836898663074877,0.12685185185185185,0.31503924646781784,0.3500650877635004,0.03266666666666667,0.0972,0.3,0.1677551020408163,positive (weighted)
Weakness,Headache,0.053171983865053174,0.3564356435643564,0.039603960396039604,0.7448275862068965,2.089655172413793,1.0,0.0206515701075058,2.5220765319775214,0.5507358636715723,0.10703666997026759,0.6035013262599469,0.4279693486590038,0.02175,0.0972,0.3,0.22344827586206895,positive (weighted)
Increased liver enzymes,Nausea,0.11807847451411808,0.7557755775577558,0.06233956729006234,0.5279503105590062,0.6985543410453225,1.0,-0.026901259982984004,0.5173701580684383,-0.32854548022506086,0.07681879801174875,-0.9328521067651506,0.30521727075742644,0.08372,0.24045,0.35,0.18478260869565216,positive (weighted)
Increased liver enzymes,Rash,0.11807847451411808,0.24972497249724973,0.06527319398606528,0.5527950310559007,2.21361534462473,1.0,0.03578605018550994,1.6776983253880946,0.6216543250251116,0.2157575757575758,0.40394528332817253,0.4070876770551163,0.08372,0.1135,0.5,0.27639751552795033,positive (weighted)
Indigestion,Nausea,0.15548221488815547,0.7557755775577558,0.15438210487715437,0.9929245283018867,1.3137822361374307,1.0,0.03687244412009956,34.51705170517011,0.2828109158455922,0.2039728682170542,0.9710288118306983,0.598597150128624,0.03674666666666667,0.24045,0.35,0.3475235849056603,positive (weighted)
Indigestion,Stomach pain,0.15548221488815547,0.2731939860652732,0.12027869453612028,0.7735849056603774,2.831632265417247,1.0,0.07780188848856773,3.2100598948783774,0.765936265528526,0.390011890606421,0.6884793328636979,0.6069266810181082,0.03674666666666667,0.13658333333333333,0.55,0.4254716981132076,positive (weighted)
Insomnia (difficulty in sleeping),Nausea,0.05683901723505684,0.7557755775577558,0.0429042904290429,0.7548387096774193,0.998760388787153,1.0,-5.325064959741527e-05,0.9961785652249431,-0.0013142174432497575,0.05574082896617436,-0.0038360941586752673,0.4058036343146922,0.020666666666666667,0.24045,0.35,0.26419354838709674,positive (weighted)
Insomnia (difficulty in sleeping),Vomiting,0.05683901723505684,0.5236523652365237,0.0319031903190319,0.5612903225806452,1.0718758471130387,1.0,0.0021393045061748536,1.0857924027696886,0.0710972274360486,0.05815508021390374,0.07901363331595013,0.31110734616427216,0.020666666666666667,0.28559999999999997,0.6,0.33677419354838706,positive (weighted)
Loss of appetite,Nausea,0.1078107810781078,0.7557755775577558,0.09937660432709938,0.9217687074829933,1.2196328312984583,1.0,0.01789584899083968,3.121825226000866,0.20184183346149123,0.1300383877159309,0.6796745725317159,0.5266291378268921,0.0343,0.24045,0.35,0.32261904761904764,positive (weighted)
Loss of appetite,Vomiting,0.1078107810781078,0.5236523652365237,0.09204253758709205,0.8537414965986395,1.6303592865717715,1.0,0.03558716707754384,3.25688847954563,0.43335904225269084,0.17063222297756628,0.6929584766932178,0.5147559023609444,0.0343,0.28559999999999997,0.6,0.5122448979591837,positive (weighted)
Rash,Nausea,0.24972497249724973,0.7557755775577558,0.1353135313531353,0.5418502202643172,0.7169459246292057,1.0,-0.05342250396656828,0.533066768215283,-0.34478395351016966,0.1554993678887484,-0.8759376116204314,0.3604447607871804,0.1135,0.24045,0.35,0.189647577092511,positive (weighted)
Sleepiness,Nausea,0.08984231756508984,0.7557755775577558,0.0627062706270627,0.6979591836734693,0.9235005792710096,1.0,-0.005194358819820388,0.8085808580858083,-0.08342079689018483,0.08009367681498827,-0.23673469387755153,0.3904643079939399,0.03266666666666667,0.24045,0.35,0.24428571428571424,positive (weighted)
Stomach pain,Nausea,0.2731939860652732,0.7557755775577558,0.23322332233223322,0.8536912751677853,1.129556578060432,1.0,0.026749979728445894,1.6692403185272662,0.15780943586619198,0.29308755760368665,0.4009250861599857,0.5811396696071823,0.13658333333333333,0.24045,0.35,0.29879194630872485,positive (weighted)
Nausea,Vomiting,0.7557755775577558,0.5236523652365237,0.5181518151815182,0.6855895196506551,1.309245532274045,1.0,0.12238814640539963,1.5150501161227234,0.9671486773397603,0.6806358381502889,0.33995582762689475,0.8375426589849915,0.24045,0.28559999999999997,0.6,0.41135371179039304,positive (weighted)
Vomiting,Nausea,0.5236523652365237,0.7557755775577558,0.5181518151815182,0.9894957983193278,1.309245532274045,1.0,0.12238814640539963,23.25016501650173,0.4958591371118401,0.6806358381502889,0.9569895525777881,0.8375426589849915,0.28559999999999997,0.24045,0.35,0.3463235294117647,positive (weighted)
Weakness,Nausea,0.053171983865053174,0.7557755775577558,0.029336266960029337,0.5517241379310345,0.7300105405812377,1.0,-0.010849819855472901,0.5448083269865447,-0.28089261780013586,0.03762935089369708,-0.8355079217148186,0.2952701233080694,0.02175,0.24045,0.35,0.19310344827586207,positive (weighted)
Sleepiness,Vomiting,0.08984231756508984,0.5236523652365237,0.04913824715804914,0.5469387755102041,1.0444692162579317,1.0,0.0020921050667589633,1.0513979325860514,0.046778596942763914,0.08706952566601689,0.04888532780317662,0.32038815526210485,0.03266666666666667,0.28559999999999997,0.6,0.32816326530612244,positive (weighted)
Stomach pain,Vomiting,0.2731939860652732,0.5236523652365237,0.1378804547121379,0.5046979865771812,0.9638035079803733,1.0,-0.0051782222593363125,0.9617316745224658,-0.04913364125858066,0.2092376182526433,-0.039791062820651965,0.38400165435301636,0.13658333333333333,0.28559999999999997,0.6,0.30281879194630873,positive (weighted)
"Abdominal pain, Diarrhea",Nausea,0.19508617528419508,0.7557755775577558,0.19141914191419143,0.9812030075187971,1.2982729750139541,1.0,0.04397777511524531,12.992739273927448,0.2854292671431938,0.2520521487204249,0.9230339361918313,0.6172390583445514,0.09753333333333335,0.24045,0.35,0.34342105263157896,positive (weighted)
"Abdominal pain, Nausea",Diarrhea,0.2068206820682068,0.8122478914558122,0.19141914191419143,0.9255319148936172,1.1394697661015323,1.0,0.02342947899483755,2.5212426004505275,0.15431419750134204,0.23128046078865752,0.6033701795212776,0.5805989145574181,0.1034,0.40608333333333335,0.55,0.5090425531914895,positive (weighted)
Abdominal pain,"Diarrhea, Nausea",0.2115878254492116,0.62999633296663,0.19141914191419143,0.9046793760831889,1.4360073682065517,1.0,0.05811958778080473,3.881674834150082,0.3851091508509311,0.29441624365482233,0.7423792453705215,0.6042605262255293,0.10578333333333334,0.3149666666666667,0.55,0.49757365684575394,positive (weighted)
"Abdominal pain, Diarrhea",Vomiting,0.19508617528419508,0.5236523652365237,0.15071507150715072,0.7725563909774437,1.4753230239464206,1.0,0.04855773439463491,2.094354890034458,0.4002693580300284,0.26533247256294384,0.5225260032297835,0.5301857585139319,0.09753333333333335,0.28559999999999997,0.6,0.4635338345864662,positive (weighted)
"Abdominal pain, Vomiting",Diarrhea,0.15951595159515952,0.8122478914558122,0.15071507150715072,0.9448275862068966,1.1632256557951273,1.0,0.02114857617041499,3.4030069673634036,0.16695328721927108,0.18356409111210362,0.7061422413793104,0.5651903168054799,0.087,0.40608333333333335,0.55,0.5196551724137931,positive (weighted)
Abdominal pain,"Diarrhea, Vomiting",0.2115878254492116,0.43454345434543457,0.15071507150715072,0.7123050259965338,1.6392032117236688,1.0,0.05877096693901146,1.9654724508595438,0.49459854014598537,0.30421909696521093,0.4912164759355042,0.5295702345172542,0.10578333333333334,0.237,0.6,0.42738301559792025,positive (weighted)
"Abdominal pain, Nausea",Vomiting,0.2068206820682068,0.5236523652365237,0.15804913824715805,0.7641843971631206,1.4593353298766314,1.0,0.04974699890231048,2.0200004962902307,0.39682897239268744,0.27610506085842407,0.5049506166773131,0.5330025627272186,0.1034,0.28559999999999997,0.6,0.4585106382978723,positive (weighted)
"Abdominal pain, Vomiting",Nausea,0.15951595159515952,0.7557755775577558,0.15804913824715805,0.9908045977011494,1.3109772624604727,1.0,0.03749087780065134,26.559405940593894,0.2822305365581078,0.20871670702179176,0.9623485554520035,0.5999631916210745,0.087,0.24045,0.35,0.34678160919540224,positive (weighted)
Abdominal pain,"Nausea, Vomiting",0.2115878254492116,0.5181518151815182,0.15804913824715805,0.7469670710571924,1.4415988696199318,1.0,0.048414522420338835,1.9042904290429044,0.38853504559434515,0.2764592687620269,0.4748700173310225,0.5259959205250576,0.10578333333333334,0.28259999999999996,0.6,0.44818024263431544,positive (weighted)
"Abnormal liver function tests, Diarrhea",Rash,0.05977264393105977,0.24972497249724973,0.03777044371103777,0.6319018404907976,2.530391070511608,1.0,0.022843721849265967,2.0382471580491384,0.6432531087651272,0.1390013495276653,0.5093823651116348,0.3915750024774105,0.029883333333333335,0.1135,0.5,0.3159509202453988,positive (weighted)
Abnormal liver function tests,"Diarrhea, Rash",0.06050605060506051,0.23065639897323065,0.03777044371103777,0.6242424242424243,2.7063737534325774,1.0,0.02381433596238245,2.0474466801518862,0.6711079784452377,0.14905933429811866,0.5115867926163447,0.39399720576191166,0.022000000000000002,0.11531666666666668,0.55,0.3433333333333334,positive (weighted)
"Allergic reaction, Increased liver enzymes",Diarrhea,0.06894022735606894,0.8122478914558122,0.06857352401906858,0.9946808510638298,1.2246025647183132,1.0,0.012576969712617271,35.297396406307065,0.1969890036289499,0.08438628158844766,0.9716692985372338,0.5395526151481677,0.050133333333333335,0.40608333333333335,0.55,0.5470744680851064,positive (weighted)
"Diarrhea, Increased liver enzymes",Allergic reaction,0.08800880088008801,0.14998166483314998,0.06857352401906858,0.7791666666666667,5.195079462102689,1.0,0.05537381754310378,3.8491396309442263,0.8854363546054457,0.40476190476190477,0.7402016824849008,0.6181896903015485,0.062400000000000004,0.10906666666666667,0.8,0.6233333333333334,positive (weighted)
Increased liver enzymes,"Allergic reaction, Diarrhea",0.11807847451411808,0.14044737807114044,0.06857352401906858,0.5807453416149069,4.134967484553136,1.0,0.05198971186692071,2.050192179711799,0.8596684714331773,0.36100386100386106,0.5122408475187078,0.5344979971782107,0.08372,0.10213333333333335,0.8,0.46459627329192554,positive (weighted)
"Allergic reaction, Nausea",Diarrhea,0.06453978731206454,0.8122478914558122,0.05793912724605794,0.8977272727272727,1.1052380463780012,1.0,0.005516821086826933,1.8357983946542802,0.1017868396111726,0.07075682937751904,0.45527787642045453,0.4845295505848553,0.046933333333333334,0.40608333333333335,0.55,0.49375,positive (weighted)
"Allergic reaction, Diarrhea",Rash,0.14044737807114044,0.24972497249724973,0.10854418775210854,0.772845953002611,3.0947884197329225,1.0,0.07347097012598217,3.30293489119027,0.7874749215939489,0.3854166666666667,0.6972389608201957,0.6037504361195141,0.10213333333333335,0.1135,0.5,0.3864229765013055,positive (weighted)
"Allergic reaction, Rash",Diarrhea,0.10927759442610928,0.8122478914558122,0.10854418775210854,0.9932885906040269,1.2228884815246868,1.0,0.019783692096137867,27.975064173084018,0.20462485952399503,0.13351375732972484,0.964253880033557,0.5634614510582211,0.07946666666666667,0.40608333333333335,0.55,0.5463087248322148,positive (weighted)
Allergic reaction,"Diarrhea, Rash",0.14998166483314998,0.23065639897323065,0.10854418775210854,0.7237163814180929,3.1376384294549116,1.0,0.07394995702968415,2.784615334689811,0.8014991371872305,0.398921832884097,0.6408839714619349,0.5971523083561052,0.10906666666666667,0.11531666666666668,0.55,0.39804400977995114,positive (weighted)
"Allergic reaction, Vomiting",Diarrhea,0.05977264393105977,0.8122478914558122,0.0539053905390539,0.901840490797546,1.1103020399119223,1.0,0.005355186539311552,1.9127246057939131,0.10565973659354536,0.06588973554459883,0.477185582822086,0.4841030896425653,0.04346666666666667,0.40608333333333335,0.55,0.49601226993865033,positive (weighted)
"Allergic reaction, Increased liver enzymes",Rash,0.06894022735606894,0.24972497249724973,0.055372203887055375,0.8031914893617021,3.2163042459461995,1.0,0.03815610750660692,3.812208247851813,0.7401073061564104,0.2103064066852368,0.7376848443252011,0.5124621176617615,0.050133333333333335,0.1135,0.5,0.4015957446808511,positive (weighted)
"Allergic reaction, Rash",Increased liver enzymes,0.10927759442610928,0.11807847451411808,0.055372203887055375,0.5067114093959731,4.2913106006919834,1.0,0.0424688722386479,1.7878409156108352,0.861066200627626,0.32196162046908317,0.4406661178473259,0.48782775438742754,0.07946666666666667,0.08372,0.78,0.3952348993288591,positive (weighted)
"Increased liver enzymes, Rash",Allergic reaction,0.06527319398606528,0.14998166483314998,0.055372203887055375,0.848314606741573,5.656122084558116,1.0,0.045582421584048155,5.603824579988862,0.8806855824515003,0.3463302752293579,0.8215504454634467,0.6087538803879015,0.04628,0.10906666666666667,0.8,0.6786516853932585,positive (weighted)
"Allergic reaction, Nausea",Rash,0.06453978731206454,0.24972497249724973,0.04547121378804547,0.7045454545454546,2.8212855426511814,1.0,0.029354017176561806,2.53939240077854,0.6900899078160366,0.16916780354706684,0.6062050119968009,0.4433153117073822,0.046933333333333334,0.1135,0.5,0.3522727272727273,positive (weighted)
"Allergic reaction, Nausea",Vomiting,0.06453978731206454,0.5236523652365237,0.0594059405940594,0.9204545454545454,1.7577587853323144,1.0,0.02560952831623462,5.988370265597985,0.46083598298416,0.11234396671289874,0.8330096577787108,0.516949961802903,0.046933333333333334,0.28559999999999997,0.6,0.5522727272727272,positive (weighted)
"Allergic reaction, Vomiting",Nausea,0.05977264393105977,0.7557755775577558,0.0594059405940594,0.9938650306748466,1.3150266563077664,1.0,0.014231236104908618,39.808580858085314,0.25478852487432824,0.07856450048496603,0.974879787763223,0.5362338253810914,0.04346666666666667,0.24045,0.35,0.34785276073619625,positive (weighted)
"Allergic reaction, Vomiting",Rash,0.05977264393105977,0.24972497249724973,0.042537587092042535,0.7116564417177914,2.8497608172752087,1.0,0.02761086523027073,2.602017648573368,0.6903578729356069,0.1593406593406593,0.6156828526707806,0.4409970901687342,0.04346666666666667,0.1135,0.5,0.3558282208588957,positive (weighted)
"Rash, Vomiting",Allergic reaction,0.0847084708470847,0.14998166483314998,0.042537587092042535,0.5021645021645021,3.348172609786302,1.0,0.02983286960892642,1.7074281341177595,0.766236322944297,0.22137404580152673,0.41432381251190564,0.3928915420357963,0.0462,0.10906666666666667,0.8,0.4017316017316017,positive (weighted)
"Constipation, Diarrhea",Headache,0.04913824715804914,0.3564356435643564,0.037037037037037035,0.753731343283582,2.1146351575456053,1.0,0.01952241428763338,2.613261326132613,0.5543447132989426,0.10049751243781094,0.6173363949483351,0.4288204041520791,0.024566666666666667,0.0972,0.3,0.2261194029850746,positive (weighted)
"Constipation, Diarrhea",Nausea,0.04913824715804914,0.7557755775577558,0.030803080308030802,0.626865671641791,0.8294336179365182,1.0,-0.006334406818019538,0.6545214521452143,-0.17781351210563273,0.03979156797726196,-0.5278338039532076,0.33381129288057526,0.024566666666666667,0.24045,0.35,0.21940298507462683,positive (weighted)
"Dizziness, Flatulence",Diarrhea,0.07737440410707737,0.8122478914558122,0.06894022735606894,0.8909952606635072,1.096949921367668,1.0,0.006093030767445412,1.722421517514072,0.09579330582146614,0.08400357462019661,0.419422023104266,0.48793555358231794,0.024616666666666665,0.40608333333333335,0.55,0.49004739336492903,positive (weighted)
"Diarrhea, Headache",Dizziness,0.24055738907224056,0.2511917858452512,0.12724605793912724,0.5289634146341463,2.105814936799003,1.0,0.06682001777980022,1.589702875357654,0.6914603617681805,0.3490945674044265,0.370951631590263,0.5177663788499198,0.12026666666666667,0.07991666666666666,0.35,0.1851371951219512,positive (weighted)
"Diarrhea, Dizziness",Headache,0.138980564723139,0.3564356435643564,0.12724605793912724,0.9155672823218997,2.5686748754031075,1.0,0.07770843090909751,7.622215346534646,0.7092687872197321,0.34561752988047806,0.8688045463771056,0.6362815835477811,0.06948333333333334,0.0972,0.3,0.2746701846965699,positive (weighted)
"Dizziness, Headache",Diarrhea,0.1936193619361936,0.8122478914558122,0.12724605793912724,0.6571969696969697,0.8091088651754567,1.0,-0.030020860538565758,0.547696758626139,-0.22635110473038725,0.1448247078464107,-0.8258278586647724,0.4069280559545797,0.061599999999999995,0.40608333333333335,0.55,0.3614583333333334,positive (weighted)
Dizziness,"Diarrhea, Headache",0.2511917858452512,0.24055738907224056,0.12724605793912724,0.5065693430656933,2.105814936799003,1.0,0.06682001777980022,1.5391070665251927,0.7012803179343301,0.3490945674044265,0.35027262121687386,0.5177663788499198,0.07991666666666666,0.12026666666666667,0.55,0.27861313868613136,positive (weighted)
"Dizziness, Nausea",Diarrhea,0.17785111844517784,0.8122478914558122,0.10927759442610928,0.6144329896907217,0.756459938097787,1.0,-0.03518160152404433,0.48695065584989883,-0.28139866307428363,0.12406328059950042,-1.053596166237113,0.37448511787019156,0.056583333333333326,0.40608333333333335,0.55,0.33793814432989694,positive (weighted)
"Diarrhea, Dizziness",Nausea,0.138980564723139,0.7557755775577558,0.10927759442610928,0.7862796833773087,1.0403613277874433,1.0,0.004239477853175841,1.142729087723587,0.04505762436687497,0.1391223155929038,0.12490194680168273,0.46543484411466113,0.06948333333333334,0.24045,0.35,0.275197889182058,positive (weighted)
"Diarrhea, Dizziness",Stomach pain,0.138980564723139,0.2731939860652732,0.07664099743307665,0.5514511873350924,2.018533406527244,1.0,0.03867234297075962,1.6203498781250674,0.586038815483808,0.2284153005464481,0.3828493379731569,0.41599405004338513,0.06948333333333334,0.13658333333333333,0.55,0.3032981530343008,positive (weighted)
"Dizziness, Stomach pain",Diarrhea,0.09130913091309131,0.8122478914558122,0.07664099743307665,0.8393574297188755,1.0333759416900106,1.0,0.0024753483782554986,1.168756875687569,0.035543403964456564,0.09268292682926829,0.14439006024096399,0.4668570444305439,0.04565,0.40608333333333335,0.55,0.4616465863453816,positive (weighted)
"Diarrhea, Dizziness",Vomiting,0.138980564723139,0.5236523652365237,0.08104143747708104,0.5831134564643798,1.113550697323784,1.0,0.008263936037901529,1.1426313517427689,0.11843139824400438,0.13934426229508193,0.12482709451760102,0.3689376806131423,0.06948333333333334,0.28559999999999997,0.6,0.3498680738786279,positive (weighted)
"Dizziness, Vomiting",Diarrhea,0.1301796846351302,0.8122478914558122,0.08104143747708104,0.6225352112676056,0.7664349982513591,1.0,-0.024696736878186062,0.4974029741282586,-0.2594515942192777,0.09408258833546189,-1.0104423415492958,0.36115473881664706,0.071,0.40608333333333335,0.55,0.3423943661971831,positive (weighted)
"Diarrhea, Flatulence",Headache,0.13824715804913826,0.3564356435643564,0.09534286762009535,0.689655172413793,1.9348659003831417,1.0,0.04606665286990746,2.0737073707370732,0.5606808510638298,0.23875114784205698,0.5177718832891246,0.4785724421739747,0.06911666666666667,0.0972,0.3,0.2068965517241379,positive (weighted)
"Flatulence, Headache",Diarrhea,0.10451045104510451,0.8122478914558122,0.09534286762009535,0.912280701754386,1.123155518593323,1.0,0.01045447412361332,2.1403740374037423,0.12244849744849748,0.11607142857142859,0.5327919407894741,0.5148310957981862,0.028499999999999998,0.40608333333333335,0.55,0.5017543859649124,positive (weighted)
Flatulence,"Diarrhea, Headache",0.1474147414741474,0.24055738907224056,0.09534286762009535,0.6467661691542289,2.6886148525664364,1.0,0.059881162300315115,2.1499713351616854,0.7366550868486352,0.32581453634085217,0.5348775196927003,0.5215538162844315,0.02412,0.12026666666666667,0.55,0.3557213930348259,positive (weighted)
"Diarrhea, Flatulence",Nausea,0.13824715804913826,0.7557755775577558,0.10121012101210121,0.7320954907161803,0.9686678326943345,1.0,-0.0032737047082046083,0.9116099728784756,-0.03617680493948258,0.1276595744680851,-0.09696035558104572,0.43300553283989507,0.06911666666666667,0.24045,0.35,0.2562334217506631,positive (weighted)
"Flatulence, Nausea",Diarrhea,0.11037770443711038,0.8122478914558122,0.10121012101210121,0.9169435215946843,1.1288961550287604,1.0,0.011556063319325446,2.260535386872018,0.12834540067146963,0.12321428571428572,0.5576269206810627,0.5207742438673195,0.035116666666666664,0.40608333333333335,0.55,0.5043189368770764,positive (weighted)
Flatulence,"Diarrhea, Nausea",0.1474147414741474,0.62999633296663,0.10121012101210121,0.6865671641791046,1.0897954928500686,1.0,0.008339374458164558,1.1804878900588474,0.09664329125759705,0.14967462039045554,0.15289262310844207,0.42360954250864424,0.02412,0.3149666666666667,0.55,0.37761194029850753,positive (weighted)
"Diarrhea, Flatulence",Stomach pain,0.13824715804913826,0.2731939860652732,0.11367803447011368,0.8222811671087533,3.009880191551101,1.0,0.07590974230047379,4.08963980975212,0.7748867536032944,0.38177339901477836,0.7554796885497327,0.6191942748295445,0.06911666666666667,0.13658333333333333,0.55,0.45225464190981435,positive (weighted)
"Flatulence, Stomach pain",Diarrhea,0.11441144114411442,0.8122478914558122,0.11367803447011368,0.9935897435897436,1.223259246396944,1.0,0.020747582642385992,29.289328932893397,0.20609096373472258,0.13982859720342808,0.965857872596154,0.5667722984314406,0.0572,0.40608333333333335,0.55,0.546474358974359,positive (weighted)
Flatulence,"Diarrhea, Stomach pain",0.1474147414741474,0.24055738907224056,0.11367803447011368,0.7711442786069652,3.205656170367674,1.0,0.07821632915033344,3.3184340173147757,0.8070176899063475,0.4144385026737968,0.698653040927665,0.6218526271083606,0.02412,0.12026666666666667,0.55,0.4241293532338309,positive (weighted)
"Flatulence, Vomiting",Diarrhea,0.06747341400806747,0.8122478914558122,0.05903923725705904,0.875,1.0772573363431153,1.0,0.004234098999681177,1.5020168683535022,0.07690579180944906,0.07193923145665773,0.3342285156250001,0.4738431151241535,0.0368,0.40608333333333335,0.55,0.48125000000000007,positive (weighted)
Insomnia (difficulty in sleeping),"Diarrhea, Headache",0.05683901723505684,0.24055738907224056,0.029336266960029337,0.5161290322580645,2.145554681353265,1.0,0.015663221376531984,1.5695147292507028,0.5660964230171074,0.1094391244870041,0.3628603915826856,0.3190401258851298,0.020666666666666667,0.12026666666666667,0.55,0.2838709677419355,positive (weighted)
"Diarrhea, Headache",Nausea,0.24055738907224056,0.7557755775577558,0.19325265859919324,0.8033536585365854,1.0629526573650014,1.0,0.011445258937334862,1.2419474505590091,0.07798394197634807,0.2406392694063927,0.19481295319709938,0.529527387249855,0.12026666666666667,0.24045,0.35,0.28117378048780484,positive (weighted)
"Headache, Nausea",Diarrhea,0.2720938760542721,0.8122478914558122,0.19325265859919324,0.7102425876010782,0.8744160435160904,1.0,-0.02775501850392839,0.6479630908827317,-0.16479174384588863,0.2168724279835391,-0.5432977804919136,0.4740829190827061,0.08656666666666665,0.40608333333333335,0.55,0.390633423180593,positive (weighted)
Headache,"Diarrhea, Nausea",0.3564356435643564,0.62999633296663,0.19325265859919324,0.5421810699588477,0.8606098822920708,1.0,-0.03130048978495212,0.8081877850706418,-0.20106819666013637,0.24364308830328246,-0.23733619645413517,0.4244665536057335,0.0972,0.3149666666666667,0.55,0.2981995884773663,positive (weighted)
"Headache, Rash",Diarrhea,0.04400440044004401,0.8122478914558122,0.028602860286028604,0.65,0.8002483069977427,1.0,-0.007139621186174359,0.5364345958405365,-0.2070425830603651,0.034559149313247675,-0.8641601562499996,0.34260722347629796,0.02,0.40608333333333335,0.55,0.35750000000000004,positive (weighted)
"Headache, Stomach pain",Diarrhea,0.13384671800513384,0.8122478914558122,0.1078107810781078,0.8054794520547945,0.9916670274281828,1.0,-0.0009059333998428509,0.9652045016708246,-0.00960829476656701,0.12860892388451445,-0.0360498715753422,0.4691054145149819,0.06691666666666668,0.40608333333333335,0.55,0.443013698630137,positive (weighted)
"Diarrhea, Headache",Vomiting,0.24055738907224056,0.5236523652365237,0.12394572790612395,0.5152439024390244,0.983942662430826,1.0,-0.0020227178566775,0.9826542402667939,-0.021036585365853757,0.1935853379152348,-0.017651946149946557,0.3759692901550864,0.12026666666666667,0.28559999999999997,0.6,0.30914634146341463,positive (weighted)
"Headache, Vomiting",Diarrhea,0.1771177117711771,0.8122478914558122,0.12394572790612395,0.6997929606625259,0.8615509723371143,1.0,-0.019917760019492955,0.625408747771329,-0.16338017915465733,0.14322033898305084,-0.5989542895962727,0.42619444872855416,0.0966,0.40608333333333335,0.55,0.3848861283643893,positive (weighted)
"Increased liver enzymes, Nausea",Diarrhea,0.06233956729006234,0.8122478914558122,0.04363769710304364,0.7000000000000001,0.8618058690744922,1.0,-0.006997484982577219,0.6258403618139594,-0.14604007633587782,0.05251544571932922,-0.5978515624999994,0.37686230248307,0.044199999999999996,0.40608333333333335,0.55,0.38500000000000006,positive (weighted)
"Diarrhea, Increased liver enzymes",Rash,0.08800880088008801,0.24972497249724973,0.055372203887055375,0.6291666666666667,2.519438325991189,1.0,0.03339420850775947,2.0232135573107874,0.6612850398229735,0.1961038961038961,0.5057368035190615,0.4254497063142437,0.062400000000000004,0.1135,0.5,0.3145833333333333,positive (weighted)
"Increased liver enzymes, Rash",Diarrhea,0.06527319398606528,0.8122478914558122,0.055372203887055375,0.848314606741573,1.0444035813021533,1.0,0.00235418970328765,1.2377731600320525,0.04548465961200211,0.06735057983942909,0.1920975245786516,0.45824308215182485,0.04628,0.40608333333333335,0.55,0.4665730337078652,positive (weighted)
"Increased liver enzymes, Vomiting",Diarrhea,0.05720572057205721,0.8122478914558122,0.042537587092042535,0.7435897435897435,0.9154714360131967,1.0,-0.00392763882182131,0.7322332233223321,-0.08919998534100487,0.05144124168514413,-0.3656850961538464,0.3979799733750072,0.04056,0.40608333333333335,0.55,0.40897435897435896,positive (weighted)
"Diarrhea, Indigestion",Nausea,0.1342134213421342,0.7557755775577558,0.13384671800513384,0.9972677595628415,1.3195289569761615,1.0,0.032411491974279935,89.38613861386128,0.2796922594906964,0.17701260911736177,0.9888125830748782,0.587183127719315,0.0671,0.24045,0.35,0.3490437158469945,positive (weighted)
"Indigestion, Nausea",Diarrhea,0.15438210487715437,0.8122478914558122,0.13384671800513384,0.8669833729216152,1.0673876559626387,1.0,0.008450178840155143,1.4114935303054117,0.07465931637538771,0.16072214883311317,0.29153058194774356,0.5158844629845096,0.04911666666666666,0.40608333333333335,0.55,0.4768408551068884,positive (weighted)
Indigestion,"Diarrhea, Nausea",0.15548221488815547,0.62999633296663,0.13384671800513384,0.8608490566037736,1.3664350275660597,1.0,0.035893492784066325,2.659009403765236,0.31754055163306943,0.20540236353404612,0.62392009649008,0.5366527005952512,0.03674666666666667,0.3149666666666667,0.55,0.4734669811320755,positive (weighted)
"Diarrhea, Indigestion",Stomach pain,0.1342134213421342,0.2731939860652732,0.11441144114411442,0.8524590163934427,3.1203432720871387,1.0,0.07774514158419876,4.926129650002039,0.7848613690418011,0.3904881101376722,0.7970008767431475,0.6356254813510838,0.0671,0.13658333333333333,0.55,0.4688524590163935,positive (weighted)
"Indigestion, Stomach pain",Diarrhea,0.12027869453612028,0.8122478914558122,0.11441144114411442,0.951219512195122,1.171095083411331,1.0,0.016715325120092994,3.8489182251558547,0.16607347078376677,0.13984760197220977,0.7401867378048784,0.5460386500027529,0.06013333333333334,0.40608333333333335,0.55,0.5231707317073172,positive (weighted)
Indigestion,"Diarrhea, Stomach pain",0.15548221488815547,0.24055738907224056,0.11441144114411442,0.7358490566037736,3.05893350207087,1.0,0.0770090454834507,2.8750327413693757,0.7970094748210251,0.40624999999999994,0.652177874147026,0.6057294063506673,0.03674666666666667,0.12026666666666667,0.55,0.40471698113207555,positive (weighted)
"Indigestion, Vomiting",Diarrhea,0.06784011734506784,0.8122478914558122,0.053171983865053174,0.7837837837837838,0.9649563785003966,1.0,-0.0019310084045930515,0.8683535020168685,-0.03749836793315044,0.06430155210643017,-0.15160472972972963,0.4246232688670612,0.037,0.40608333333333335,0.55,0.4310810810810811,positive (weighted)
Insomnia (difficulty in sleeping),"Diarrhea, Nausea",0.05683901723505684,0.62999633296663,0.03226989365603227,0.567741935483871,0.9011829208757369,1.0,-0.00353847877148062,0.8559786326891394,-0.10415198891747476,0.04929971988795518,-0.16825346078838851,0.3094821435277329,0.020666666666666667,0.3149666666666667,0.55,0.3122580645161291,positive (weighted)
"Diarrhea, Loss of appetite",Nausea,0.07884121745507884,0.7557755775577558,0.07884121745507884,1.0,1.3231441048034933,1.0,0.019254950797610013,inf,0.2651273885350318,0.10431829209121785,1.0,0.5521591460456089,0.03941666666666667,0.24045,0.35,0.35,positive (weighted)
"Loss of appetite, Nausea",Diarrhea,0.09937660432709938,0.8122478914558122,0.07884121745507884,0.7933579335793357,0.9767436049078323,1.0,-0.001877219869646174,0.9085860967049083,-0.025756457564575633,0.09467195068251873,-0.10061116236162393,0.445211698166643,0.03161666666666667,0.40608333333333335,0.55,0.43634686346863466,positive (weighted)
Loss of appetite,"Diarrhea, Nausea",0.1078107810781078,0.62999633296663,0.07884121745507884,0.7312925170068028,1.160788529614407,1.0,0.010920820721602775,1.3769756722507693,0.1552547816362228,0.1196438508625487,0.27377075706397525,0.4282190175255201,0.0343,0.3149666666666667,0.55,0.4022108843537415,positive (weighted)
"Diarrhea, Loss of appetite",Stomach pain,0.07884121745507884,0.2731939860652732,0.04657132379904657,0.5906976744186047,2.1621913532074295,1.0,0.025032377336254588,1.7757192385905256,0.5835109584231908,0.1524609843937575,0.43684791026212666,0.3805837365381614,0.03941666666666667,0.13658333333333333,0.55,0.3248837209302326,positive (weighted)
"Loss of appetite, Stomach pain",Diarrhea,0.047671433810047674,0.8122478914558122,0.04657132379904657,0.9769230769230769,1.2027400590380275,1.0,0.007850302204160033,8.13592470358146,0.1770031441487604,0.05725879170423805,0.8770883413461537,0.5171297100191006,0.023833333333333335,0.40608333333333335,0.55,0.5373076923076924,positive (weighted)
"Diarrhea, Loss of appetite",Vomiting,0.07884121745507884,0.5236523652365237,0.07260726072607261,0.9209302325581395,1.7586671878053546,1.0,0.03132187072759348,6.02439655730279,0.4683096892491797,0.1370242214532872,0.834008271120898,0.5297928473715068,0.03941666666666667,0.28559999999999997,0.6,0.5525581395348838,positive (weighted)
"Loss of appetite, Vomiting",Diarrhea,0.09204253758709205,0.8122478914558122,0.07260726072607261,0.7888446215139442,0.9711870351550906,1.0,-0.0021540963532852425,0.8891656461243609,-0.03164140660955573,0.08730158730158731,-0.12464983814741037,0.4391175703506516,0.0502,0.40608333333333335,0.55,0.4338645418326693,positive (weighted)
Loss of appetite,"Diarrhea, Vomiting",0.1078107810781078,0.43454345434543457,0.07260726072607261,0.6734693877551021,1.5498320847326272,1.0,0.02575879150071223,1.7317106710671073,0.3976385308074581,0.15456674473067916,0.42253632970698013,0.4202789976750194,0.0343,0.237,0.6,0.40408163265306124,positive (weighted)
"Diarrhea, Rash",Nausea,0.23065639897323065,0.7557755775577558,0.12981298129812982,0.562798092209857,0.7446629779021251,1.0,-0.04451149185325573,0.5586078607860786,-0.30828916376316357,0.15154109589041095,-0.7901645683839642,0.3672796865707218,0.11531666666666668,0.24045,0.35,0.19697933227344994,positive (weighted)
"Nausea, Rash",Diarrhea,0.1353135313531353,0.8122478914558122,0.12981298129812982,0.959349593495935,1.181104443098607,1.0,0.019904850771105723,4.618701870187019,0.1773299693793937,0.1587443946188341,0.7834889481707318,0.5595845032942429,0.0615,0.40608333333333335,0.55,0.5276422764227643,positive (weighted)
Rash,"Diarrhea, Nausea",0.24972497249724973,0.62999633296663,0.12981298129812982,0.5198237885462555,0.8251219274538061,1.0,-0.02751283562533005,0.7705580955649082,-0.22026431718061676,0.17310513447432763,-0.2977606824919339,0.3629386695932675,0.1135,0.3149666666666667,0.55,0.2859030837004406,positive (weighted)
"Diarrhea, Stomach pain",Nausea,0.24055738907224056,0.7557755775577558,0.20095342867620095,0.8353658536585366,1.1053094046224303,1.0,0.019146029014342564,1.4834372326121494,0.1254551029686987,0.25265099124020285,0.32588991430454817,0.5506280990757506,0.12026666666666667,0.24045,0.35,0.2923780487804878,positive (weighted)
"Nausea, Stomach pain",Diarrhea,0.23322332233223322,0.8122478914558122,0.20095342867620095,0.8616352201257861,1.0608032710081348,1.0,0.011518276873525274,1.3569356935693564,0.07475206568295827,0.2379504993486756,0.2630454009433959,0.5545196416656019,0.11660000000000001,0.40608333333333335,0.55,0.4738993710691824,positive (weighted)
Stomach pain,"Diarrhea, Nausea",0.2731939860652732,0.62999633296663,0.20095342867620095,0.7355704697986577,1.167578970396356,1.0,0.028842219266542207,1.3992524463952314,0.1974761908269313,0.2861618798955613,0.28533267704751186,0.5272730113836128,0.13658333333333333,0.3149666666666667,0.55,0.4045637583892618,positive (weighted)
"Diarrhea, Nausea",Vomiting,0.62999633296663,0.5236523652365237,0.43344334433443343,0.6880093131548312,1.3138665244910535,1.0,0.10354427448612108,1.5268008144097989,0.6456359767171594,0.6018329938900203,0.34503571745436834,0.757870202795903,0.3149666666666667,0.28559999999999997,0.6,0.4128055878928987,positive (weighted)
"Diarrhea, Vomiting",Nausea,0.43454345434543457,0.7557755775577558,0.43344334433443343,0.9974683544303796,1.3197943728925983,1.0,0.10502601415257035,96.4686468646817,0.42851429022892007,0.5726744186046511,0.989633937735203,0.785488180126398,0.237,0.24045,0.35,0.34911392405063285,positive (weighted)
"Nausea, Vomiting",Diarrhea,0.5181518151815182,0.8122478914558122,0.43344334433443343,0.8365180467091294,1.0298802317723683,1.0,0.012575624999243584,1.1484577029131482,0.060212548965069584,0.4832379394930499,0.12926701831210163,0.6850761791107725,0.28259999999999996,0.40608333333333335,0.55,0.46008492569002124,positive (weighted)
Diarrhea,"Nausea, Vomiting",0.8122478914558122,0.5181518151815182,0.43344334433443343,0.5336343115124154,1.0298802317723683,1.0,0.012575624999243584,1.0331981891315947,0.15452986199238558,0.4832379394930499,0.032131482111382455,0.6850761791107725,0.40608333333333335,0.28259999999999996,0.6,0.3201805869074492,positive (weighted)
Nausea,"Diarrhea, Vomiting",0.7557755775577558,0.43454345434543457,0.43344334433443343,0.5735080058224162,1.3197943728925983,1.0,0.10502601415257035,1.3258315592651413,0.9921456989984908,0.5726744186046511,0.24575637605559597,0.785488180126398,0.24045,0.237,0.6,0.34410480349344974,positive (weighted)
Vomiting,"Diarrhea, Nausea",0.5236523652365237,0.62999633296663,0.43344334433443343,0.8277310924369747,1.3138665244910535,1.0,0.10354427448612108,2.147826164730293,0.5014986147094794,0.6018329938900203,0.5344129723247076,0.757870202795903,0.28559999999999997,0.3149666666666667,0.55,0.4552521008403361,positive (weighted)
"Rash, Vomiting",Diarrhea,0.0847084708470847,0.8122478914558122,0.07994132746607994,0.9437229437229439,1.1618656738295567,1.0,0.011137050632089252,3.3362105441313443,0.15220867148906145,0.09784560143626572,0.7002587256493514,0.5210714041413816,0.0462,0.40608333333333335,0.55,0.5190476190476192,positive (weighted)
"Stomach pain, Vomiting",Diarrhea,0.1378804547121379,0.8122478914558122,0.11404473780711405,0.8271276595744681,1.0183192449930358,1.0,0.002051629194211438,1.0860737355786863,0.020866813191622625,0.13640350877192983,0.07925220246010659,0.4837669900581144,0.07519999999999999,0.40608333333333335,0.55,0.4549202127659575,positive (weighted)
"Flatulence, Headache",Dizziness,0.10451045104510451,0.2511917858452512,0.07737440410707737,0.7403508771929824,2.9473530541682673,1.0,0.05112223726956487,2.8839235274878834,0.7378226999080079,0.2779973649538866,0.653250167534409,0.5241900371366371,0.028499999999999998,0.07991666666666666,0.35,0.2591228070175438,positive (weighted)
"Dizziness, Flatulence",Headache,0.07737440410707737,0.3564356435643564,0.07737440410707737,1.0,2.805555555555556,1.0,0.04979540858376266,inf,0.6975357710651828,0.2170781893004115,1.0,0.6085390946502057,0.024616666666666665,0.0972,0.3,0.3,positive (weighted)
Flatulence,"Dizziness, Headache",0.1474147414741474,0.1936193619361936,0.07737440410707737,0.5248756218905473,2.7108632971506106,1.0,0.04883205592286401,1.6971990392756553,0.7402354380064209,0.29346314325452016,0.410793915823339,0.4622484170058797,0.02412,0.061599999999999995,0.35,0.18370646766169152,positive (weighted)
"Dizziness, Flatulence",Nausea,0.07737440410707737,0.7557755775577558,0.050605060506050605,0.6540284360189574,0.8653738694923323,1.0,-0.00787262444616299,0.7059089470590896,-0.14428728807920094,0.06466729147141517,-0.41661329576021505,0.3604931117503812,0.024616666666666665,0.24045,0.35,0.22890995260663508,positive (weighted)
"Flatulence, Stomach pain",Dizziness,0.11441144114411442,0.2511917858452512,0.06307297396406307,0.5512820512820512,2.1946659180235817,1.0,0.03433375974194412,1.6687725915448683,0.6146757186190958,0.20848484848484844,0.4007571762224063,0.4011884708965,0.0572,0.07991666666666666,0.35,0.1929487179487179,positive (weighted)
"Dizziness, Stomach pain",Flatulence,0.09130913091309131,0.1474147414741474,0.06307297396406307,0.6907630522088353,4.685847869088294,1.0,0.04961266203628063,2.757061420427757,0.8656315107832648,0.3590814196242171,0.6372949863972016,0.5593118743631241,0.04565,0.02412,0.18,0.12433734939759035,positive (weighted)
"Dizziness, Flatulence",Stomach pain,0.07737440410707737,0.2731939860652732,0.06307297396406307,0.8151658767772512,2.98383536372022,1.0,0.04193475208662536,3.9322068959032648,0.7206182755943358,0.21938775510204084,0.7456898819230897,0.5230191799993639,0.024616666666666665,0.13658333333333333,0.55,0.4483412322274882,positive (weighted)
"Flatulence, Vomiting",Dizziness,0.06747341400806747,0.2511917858452512,0.03777044371103777,0.5597826086956522,2.2285068232307204,1.0,0.020821676349275314,1.700996437092269,0.5911563820730045,0.13446475195822455,0.41210929182813105,0.3550737860996509,0.0368,0.07991666666666666,0.35,0.19592391304347825,positive (weighted)
Insomnia (difficulty in sleeping),"Dizziness, Headache",0.05683901723505684,0.1936193619361936,0.0374037403740374,0.6580645161290323,3.3987536656891497,1.0,0.026398606123905384,2.358282998111132,0.7483075656390082,0.17555938037865748,0.575962680984025,0.42562316715542525,0.020666666666666667,0.061599999999999995,0.35,0.23032258064516128,positive (weighted)
"Headache, Nausea",Dizziness,0.2720938760542721,0.2511917858452512,0.14301430143014301,0.5256064690026954,2.092450862730438,1.0,0.07466655478651398,1.5784536787012031,0.717251178712136,0.3760848601735776,0.3664685802988983,0.547474767348063,0.08656666666666665,0.07991666666666666,0.35,0.18396226415094336,positive (weighted)
"Dizziness, Nausea",Headache,0.17785111844517784,0.3564356435643564,0.14301430143014301,0.8041237113402062,2.2560137457044673,1.0,0.07962182356849547,3.285565398645128,0.6771769711109586,0.36551077788191194,0.6956383822363205,0.6026791396207204,0.056583333333333326,0.0972,0.3,0.24123711340206186,positive (weighted)
"Dizziness, Headache",Nausea,0.1936193619361936,0.7557755775577558,0.14301430143014301,0.7386363636363636,0.977322350138944,1.0,-0.0033184836635478665,0.9344238771703256,-0.027970458625754802,0.17735334242837655,-0.07017813267813282,0.4639324467381236,0.061599999999999995,0.24045,0.35,0.25852272727272724,positive (weighted)
Dizziness,"Headache, Nausea",0.2511917858452512,0.2720938760542721,0.14301430143014301,0.5693430656934306,2.0924508627304386,1.0,0.07466655478651398,1.6902226945858425,0.6972299655943144,0.3760848601735776,0.40836198496019416,0.547474767348063,0.07991666666666666,0.08656666666666665,0.35,0.19927007299270072,positive (weighted)
"Headache, Stomach pain",Dizziness,0.13384671800513384,0.2511917858452512,0.09020902090209021,0.673972602739726,2.6830996900309967,1.0,0.0565878247768549,2.2967646904746495,0.7242329430068221,0.3059701492537313,0.5646049400936498,0.5165483451654834,0.06691666666666668,0.07991666666666666,0.35,0.2358904109589041,positive (weighted)
"Dizziness, Stomach pain",Headache,0.09130913091309131,0.3564356435643564,0.09020902090209021,0.9879518072289156,2.7717536813922354,1.0,0.05766319206178044,53.415841584158244,0.7034488867891101,0.2523076923076923,0.9812789620018535,0.6205191134910011,0.04565,0.0972,0.3,0.2963855421686747,positive (weighted)
"Dizziness, Headache",Vomiting,0.1936193619361936,0.5236523652365237,0.10267693436010268,0.5303030303030304,1.0127005347593583,1.0,0.0012876975266283563,1.0141594804641756,0.015552523874488477,0.16706443914081145,0.013961788788578709,0.3631907308377897,0.061599999999999995,0.28559999999999997,0.6,0.31818181818181823,positive (weighted)
"Headache, Vomiting",Dizziness,0.1771177117711771,0.2511917858452512,0.10267693436010268,0.5797101449275363,2.3078387813392576,1.0,0.058186420035476236,1.7816471302302643,0.6886697860962567,0.3153153153153153,0.4387216284120428,0.4942346345075638,0.0966,0.07991666666666666,0.35,0.20289855072463767,positive (weighted)
"Dizziness, Vomiting",Headache,0.1301796846351302,0.3564356435643564,0.10267693436010268,0.7887323943661971,2.21283255086072,1.0,0.05627625468817509,3.0462046204620457,0.6301192483738858,0.26743075453677173,0.6717226435536294,0.5383991189937982,0.071,0.0972,0.3,0.23661971830985912,positive (weighted)
Weakness,"Dizziness, Headache",0.053171983865053174,0.1936193619361936,0.03777044371103777,0.7103448275862069,3.668769592476489,1.0,0.027475318122204592,2.7839331552202835,0.7682800267723523,0.18070175438596492,0.640795973091217,0.4527102925809822,0.02175,0.061599999999999995,0.35,0.2486206896551724,positive (weighted)
Insomnia (difficulty in sleeping),"Dizziness, Nausea",0.05683901723505684,0.17785111844517784,0.0319031903190319,0.5612903225806452,3.1559561024276688,1.0,0.021794307532452303,1.8740158329558445,0.7243077528109972,0.1573236889692586,0.46638657880348766,0.3703358829398071,0.020666666666666667,0.056583333333333326,0.35,0.1964516129032258,positive (weighted)
"Nausea, Sleepiness",Dizziness,0.0627062706270627,0.2511917858452512,0.03447011367803447,0.5497076023391814,2.188398002305033,1.0,0.018718813575526974,1.662937722343663,0.5793751872939767,0.12335958005249345,0.39865456982318687,0.3434669398557221,0.0228,0.07991666666666666,0.35,0.19239766081871346,positive (weighted)
"Dizziness, Stomach pain",Nausea,0.09130913091309131,0.7557755775577558,0.06453978731206454,0.7068273092369478,0.9352343873309833,1.0,-0.004469423840073775,0.8330394683303946,-0.07081269374580547,0.08247422680412371,-0.20042331488114634,0.39611137417208864,0.04565,0.24045,0.35,0.2473895582329317,positive (weighted)
"Dizziness, Nausea",Vomiting,0.17785111844517784,0.5236523652365237,0.12981298129812982,0.7298969072164949,1.393857749285281,1.0,0.03668082246435132,1.763577121070886,0.34369282873947304,0.22706863373957664,0.4329706435561059,0.48889803344018024,0.056583333333333326,0.28559999999999997,0.6,0.4379381443298969,positive (weighted)
"Dizziness, Vomiting",Nausea,0.1301796846351302,0.7557755775577558,0.12981298129812982,0.9971830985915493,1.3194169383110892,1.0,0.0314263549567278,86.6996699669968,0.2783212336010518,0.1716779825412221,0.9884659307194519,0.5844721897615679,0.071,0.24045,0.35,0.34901408450704224,positive (weighted)
Dizziness,"Nausea, Vomiting",0.2511917858452512,0.5181518151815182,0.12981298129812982,0.5167883211678832,0.9973685434004369,1.0,-0.0003424984962742683,0.99717826767571,-0.003511093649841798,0.2029816513761468,-0.0028297170282973005,0.3836595533652579,0.07991666666666666,0.28259999999999996,0.6,0.3100729927007299,positive (weighted)
"Dizziness, Stomach pain",Vomiting,0.09130913091309131,0.5236523652365237,0.050605060506050605,0.5542168674698795,1.0583679254834464,1.0,0.0027908181357189574,1.0685636131180685,0.06069059901042204,0.08966861598440545,0.06416427836055531,0.3254277614660322,0.04565,0.28559999999999997,0.6,0.3325301204819277,positive (weighted)
"Flatulence, Nausea",Headache,0.11037770443711038,0.3564356435643564,0.0704070407040704,0.6378737541528239,1.7895902547065337,1.0,0.031064492587872646,1.777182305386502,0.49595527617477325,0.17761332099907493,0.43731152568361864,0.41770230917517737,0.035116666666666664,0.0972,0.3,0.19136212624584717,positive (weighted)
"Flatulence, Headache",Nausea,0.10451045104510451,0.7557755775577558,0.0704070407040704,0.6736842105263158,0.8913812916570902,1.0,-0.008579405795365022,0.7484296816778451,-0.11977697051617818,0.08913649025069638,-0.3361308677098154,0.3834214356852831,0.028499999999999998,0.24045,0.35,0.2357894736842105,positive (weighted)
"Flatulence, Stomach pain",Headache,0.11441144114411442,0.3564356435643564,0.08104143747708104,0.7083333333333333,1.9872685185185184,1.0,0.04026112182175313,2.206506364922206,0.560979174278407,0.2079021636876764,0.5467948717948717,0.4678497942386831,0.0572,0.0972,0.3,0.21249999999999997,positive (weighted)
"Headache, Stomach pain",Flatulence,0.13384671800513384,0.1474147414741474,0.08104143747708104,0.6054794520547945,4.1073195665508075,1.0,0.06131045814519112,2.161066801124557,0.8734391822253555,0.4047619047619047,0.5372655766681396,0.5776153479179444,0.06691666666666668,0.02412,0.18,0.108986301369863,positive (weighted)
"Flatulence, Headache",Stomach pain,0.10451045104510451,0.2731939860652732,0.08104143747708104,0.775438596491228,2.8384175203108444,1.0,0.05248981077058934,3.2365580308030797,0.7232814879873704,0.27317676143386893,0.6910297944659832,0.5360414458966207,0.028499999999999998,0.13658333333333333,0.55,0.4264912280701755,positive (weighted)
Flatulence,"Headache, Stomach pain",0.1474147414741474,0.13384671800513384,0.08104143747708104,0.5497512437810945,4.1073195665508075,1.0,0.06131045814519112,1.9237216539333493,0.8873390745876514,0.4047619047619047,0.48017427679553126,0.5776153479179444,0.02412,0.06691666666666668,0.55,0.302363184079602,positive (weighted)
"Flatulence, Vomiting",Headache,0.06747341400806747,0.3564356435643564,0.0484048404840484,0.717391304347826,2.01268115942029,1.0,0.024354910738598613,2.277227722772277,0.5395560004289851,0.12890625,0.5608695652173913,0.4265968867418143,0.0368,0.0972,0.3,0.2152173913043478,positive (weighted)
"Flatulence, Nausea",Stomach pain,0.11037770443711038,0.2731939860652732,0.07994132746607994,0.7242524916943521,2.651055764899998,1.0,0.04978680241817117,2.635766387883768,0.7000631537548122,0.26328502415458943,0.6206037057772443,0.5084349706793908,0.035116666666666664,0.13658333333333333,0.55,0.3983388704318937,positive (weighted)
"Flatulence, Stomach pain",Nausea,0.11441144114411442,0.7557755775577558,0.07994132746607994,0.6987179487179487,0.9245045347665434,1.0,-0.006528045543828312,0.8106172319359594,-0.08442547685629619,0.10116009280742459,-0.233627858627859,0.40224592244242896,0.0572,0.24045,0.35,0.24455128205128202,positive (weighted)
Flatulence,"Nausea, Stomach pain",0.1474147414741474,0.23322332233223322,0.07994132746607994,0.5422885572139304,2.3251900872993527,1.0,0.04556077169873204,1.675240350121969,0.668469961527079,0.2658536585365854,0.40307072956594375,0.4425279264057074,0.02412,0.11660000000000001,0.55,0.2982587064676618,positive (weighted)
"Flatulence, Nausea",Vomiting,0.11037770443711038,0.5236523652365237,0.06637330399706637,0.601328903654485,1.1483360786174932,1.0,0.008573757999195582,1.1948386505317194,0.14520184192427324,0.1169250645994832,0.16306691321461161,0.3640398019672985,0.035116666666666664,0.28559999999999997,0.6,0.360797342192691,positive (weighted)
"Flatulence, Vomiting",Nausea,0.06747341400806747,0.7557755775577558,0.06637330399706637,0.983695652173913,1.3015711030947408,1.0,0.015378545555325605,14.97909790979091,0.2484623590269464,0.08769379844961238,0.9332403055229139,0.5357585490369807,0.0368,0.24045,0.35,0.34429347826086953,positive (weighted)
"Flatulence, Vomiting",Stomach pain,0.06747341400806747,0.2731939860652732,0.0484048404840484,0.717391304347826,2.6259410563174788,1.0,0.02997150955775201,2.5717751262305715,0.6639855098368665,0.16562107904642412,0.6111635151142895,0.4472862562007587,0.0368,0.13658333333333333,0.55,0.39456521739130435,positive (weighted)
Insomnia (difficulty in sleeping),"Headache, Nausea",0.05683901723505684,0.2720938760542721,0.0352035203520352,0.6193548387096773,2.2762542387618465,1.0,0.01973797184143301,1.9122957493489456,0.5944709046137895,0.11985018726591759,0.47706833509384894,0.3743674463090165,0.020666666666666667,0.08656666666666665,0.35,0.21677419354838706,positive (weighted)
"Headache, Rash",Nausea,0.04400440044004401,0.7557755775577558,0.03337000366703337,0.7583333333333332,1.0033842794759822,1.0,0.00011255250937634159,1.010583817002389,0.003528117452167816,0.043540669856459324,0.010472972972972226,0.40124332848131966,0.02,0.24045,0.35,0.2654166666666666,positive (weighted)
"Nausea, Sleepiness",Headache,0.0627062706270627,0.3564356435643564,0.04107077374404107,0.6549707602339182,1.837556855100715,1.0,0.018720023817563276,1.8652458466185606,0.4862927565392354,0.10863239573229874,0.46387764282501137,0.38509854884123895,0.0228,0.0972,0.3,0.19649122807017547,positive (weighted)
"Headache, Stomach pain",Nausea,0.13384671800513384,0.7557755775577558,0.09864319765309865,0.7369863013698631,0.975139079978465,1.0,-0.0025148829514414633,0.9285616061606162,-0.028592832681017664,0.12471024571163652,-0.07693446871529049,0.4337527334117632,0.06691666666666668,0.24045,0.35,0.25794520547945204,positive (weighted)
"Headache, Nausea",Vomiting,0.2720938760542721,0.5236523652365237,0.17271727172717272,0.6347708894878706,1.2121990305556185,1.0,0.030234669964979616,1.3042433394630975,0.24048837619727564,0.2772218952324897,0.23327191349763135,0.48230141113048997,0.08656666666666665,0.28559999999999997,0.6,0.3808625336927224,positive (weighted)
"Headache, Vomiting",Nausea,0.1771177117711771,0.7557755775577558,0.17271727172717272,0.9751552795031057,1.290270959342537,1.0,0.03885603081760322,9.830033003300354,0.2733914642869308,0.22720694645441386,0.8982709417492029,0.6018425596933287,0.0966,0.24045,0.35,0.341304347826087,positive (weighted)
"Headache, Rash",Vomiting,0.04400440044004401,0.5236523652365237,0.030803080308030802,0.7,1.3367647058823526,1.0,0.007760071936786635,1.5878254492115875,0.26352128883774445,0.057377049180327856,0.3702078521939952,0.37941176470588234,0.02,0.28559999999999997,0.6,0.42,positive (weighted)
"Sleepiness, Vomiting",Headache,0.04913824715804914,0.3564356435643564,0.03337000366703337,0.6791044776119403,1.9052653399668324,1.0,0.015855380917629714,2.0055261340087496,0.49969274843937395,0.0896551724137931,0.501377726750861,0.3863629383944475,0.0268,0.0972,0.3,0.20373134328358208,positive (weighted)
"Headache, Stomach pain",Vomiting,0.13384671800513384,0.5236523652365237,0.07187385405207188,0.536986301369863,1.0254633360193393,1.0,0.0017847035895375424,1.0287981460867979,0.028668198862949138,0.12273011897307452,0.027992027587079568,0.33712060166532365,0.06691666666666668,0.28559999999999997,0.6,0.3221917808219178,positive (weighted)
"Stomach pain, Vomiting",Headache,0.1378804547121379,0.3564356435643564,0.07187385405207188,0.5212765957446809,1.462470449172577,1.0,0.02272834544180491,1.3443344334433445,0.3668000590282902,0.1701388888888889,0.25613747954173494,0.36146134313983014,0.07519999999999999,0.0972,0.3,0.15638297872340426,positive (weighted)
"Increased liver enzymes, Nausea",Vomiting,0.06233956729006234,0.5236523652365237,0.05720572057205721,0.9176470588235295,1.7523974295600593,1.0,0.024561458712794637,5.784221279270788,0.4578983785084684,0.10818307905686547,0.8271158809944302,0.5134453781512606,0.044199999999999996,0.28559999999999997,0.6,0.5505882352941177,positive (weighted)
"Increased liver enzymes, Vomiting",Nausea,0.05720572057205721,0.7557755775577558,0.05720572057205721,1.0,1.3231441048034933,1.0,0.01397103406710308,inf,0.25904317386231035,0.07569141193595343,1.0,0.5378457059679768,0.04056,0.24045,0.35,0.35,positive (weighted)
"Loss of appetite, Stomach pain",Indigestion,0.047671433810047674,0.15548221488815547,0.033003300330033,0.6923076923076922,4.452648766328011,1.0,0.02559124021435269,2.7446828016134934,0.8142300945535448,0.19396551724137928,0.6356591736530944,0.4522859216255442,0.023833333333333335,0.03674666666666667,0.26,0.17999999999999997,positive (weighted)
"Nausea, Stomach pain",Indigestion,0.23322332233223322,0.15548221488815547,0.11991199119911991,0.5141509433962264,3.306815147739409,1.0,0.08364991247933007,1.738230781006903,0.9097749639126179,0.44611186903137784,0.4247023980206293,0.6426886792452831,0.11660000000000001,0.03674666666666667,0.26,0.13367924528301886,positive (weighted)
"Indigestion, Nausea",Stomach pain,0.15438210487715437,0.2731939860652732,0.11991199119911991,0.7767220902612827,2.8431156243523734,1.0,0.07773572859058306,3.255163104962979,0.7666266169094849,0.38974970202622167,0.6927957316561646,0.6078241323789635,0.04911666666666666,0.13658333333333333,0.55,0.42719714964370553,positive (weighted)
"Indigestion, Stomach pain",Nausea,0.12027869453612028,0.7557755775577558,0.11991199119911991,0.9969512195121951,1.3191101288742144,1.0,0.02900829136819072,80.10561056105603,0.27498843172422754,0.15858389912706108,0.9875164798945286,0.5778060318812795,0.06013333333333334,0.24045,0.35,0.3489329268292683,positive (weighted)
Indigestion,"Nausea, Stomach pain",0.15548221488815547,0.23322332233223322,0.11991199119911991,0.7712264150943396,3.306815147739409,1.0,0.08364991247933007,3.351683621970445,0.826026682388747,0.44611186903137784,0.7016424839609107,0.6426886792452831,0.03674666666666667,0.11660000000000001,0.55,0.42417452830188684,positive (weighted)
"Indigestion, Vomiting",Nausea,0.06784011734506784,0.7557755775577558,0.06784011734506784,1.0,1.3231441048034933,1.0,0.016568213477013267,inf,0.26199842643587723,0.08976225133430372,1.0,0.5448811256671519,0.037,0.24045,0.35,0.35,positive (weighted)
"Indigestion, Vomiting",Stomach pain,0.06784011734506784,0.2731939860652732,0.0462046204620462,0.681081081081081,2.493031017594776,1.0,0.027671108389411243,2.2789680097953293,0.6424668739774956,0.15671641791044777,0.5612048981372896,0.4251042989298023,0.037,0.13658333333333333,0.55,0.3745945945945946,positive (weighted)
Insomnia (difficulty in sleeping),"Nausea, Vomiting",0.05683901723505684,0.5181518151815182,0.0319031903190319,0.5612903225806452,1.0832545716046844,1.0,0.0024519503655536026,1.0983304212774216,0.08148763876226724,0.0587440918298447,0.08952717631462648,0.31143072392301896,0.020666666666666667,0.28259999999999996,0.6,0.33677419354838706,positive (weighted)
"Loss of appetite, Stomach pain",Nausea,0.047671433810047674,0.7557755775577558,0.047671433810047674,1.0,1.3231441048034933,1.0,0.011642528389252567,inf,0.25644974971120527,0.06307617661329451,1.0,0.5315380883066473,0.023833333333333335,0.24045,0.35,0.35,positive (weighted)
"Loss of appetite, Nausea",Vomiting,0.09937660432709938,0.5236523652365237,0.09204253758709205,0.9261992619926199,1.7687292629228812,1.0,0.0400037436820323,6.454510451045104,0.48257945417028947,0.17334254143646408,0.8450695823355462,0.5509847850579346,0.03161666666666667,0.28559999999999997,0.6,0.555719557195572,positive (weighted)
"Loss of appetite, Vomiting",Nausea,0.09204253758709205,0.7557755775577558,0.09204253758709205,1.0,1.3231441048034933,1.0,0.022479035582326112,inf,0.26898222940226174,0.1217855409995148,1.0,0.5608927704997574,0.0502,0.24045,0.35,0.35,positive (weighted)
Loss of appetite,"Nausea, Vomiting",0.1078107810781078,0.5181518151815182,0.09204253758709205,0.8537414965986395,1.6476667099961002,1.0,0.03618018567533322,3.294496891549621,0.4405804648238121,0.1723901098901099,0.6964635169136149,0.5156888657798576,0.0343,0.28259999999999996,0.6,0.5122448979591837,positive (weighted)
"Loss of appetite, Stomach pain",Vomiting,0.047671433810047674,0.5236523652365237,0.041804180418041806,0.8769230769230769,1.6746283128636068,1.0,0.016840921349193957,3.8703245324532447,0.42301846259854486,0.07894736842105263,0.741623734233434,0.47837750484809305,0.023833333333333335,0.28559999999999997,0.6,0.5261538461538461,positive (weighted)
"Nausea, Rash",Vomiting,0.1353135313531353,0.5236523652365237,0.08434176751008435,0.6233062330623307,1.1903053904488625,1.0,0.013484516768508537,1.2645487570339768,0.18489877198805177,0.1467772814294831,0.20920407818396897,0.3921853294163194,0.0615,0.28559999999999997,0.6,0.3739837398373984,positive (weighted)
"Rash, Vomiting",Nausea,0.0847084708470847,0.7557755775577558,0.08434176751008435,0.9956709956709958,1.3174162082459027,1.0,0.020321174031594585,56.41584158416032,0.263236831103679,0.11154219204655676,0.9822744822744829,0.5536336540703354,0.0462,0.24045,0.35,0.3484848484848485,positive (weighted)
"Nausea, Sleepiness",Vomiting,0.0627062706270627,0.5236523652365237,0.045104510451045104,0.7192982456140351,1.3736178681999114,1.0,0.01226822352202217,1.6969884488448843,0.29019237375472345,0.08333333333333333,0.41072079737449857,0.40271634969777387,0.0228,0.28559999999999997,0.6,0.43157894736842106,positive (weighted)
"Sleepiness, Vomiting",Nausea,0.04913824715804914,0.7557755775577558,0.045104510451045104,0.917910447761194,1.2145277976927589,1.0,0.007967023324994764,2.975097509750974,0.1857627947663973,0.05936293436293436,0.6638765631302943,0.48879510743227095,0.0268,0.24045,0.35,0.3212686567164179,positive (weighted)
Sleepiness,"Nausea, Vomiting",0.08984231756508984,0.5181518151815182,0.045104510451045104,0.5020408163265306,0.968906798388145,1.0,-0.0014474494754205952,0.967645944922361,-0.034057902230659846,0.08013029315960911,-0.0334358400894605,0.2945448242991464,0.03266666666666667,0.28259999999999996,0.6,0.30122448979591837,positive (weighted)
"Nausea, Stomach pain",Vomiting,0.23322332233223322,0.5236523652365237,0.1378804547121379,0.5911949685534592,1.1289836689392738,1.0,0.015752510344543807,1.1652195988829654,0.1489972221374279,0.22274881516587677,0.14179267070460597,0.42725014534115535,0.11660000000000001,0.28559999999999997,0.6,0.3547169811320755,positive (weighted)
"Stomach pain, Vomiting",Nausea,0.1378804547121379,0.7557755775577558,0.1378804547121379,1.0,1.3231441048034933,1.0,0.03367377441814588,inf,0.28328370905997446,0.18243571081999033,1.0,0.5912178554099952,0.07519999999999999,0.24045,0.35,0.35,positive (weighted)
Stomach pain,"Nausea, Vomiting",0.2731939860652732,0.5181518151815182,0.1378804547121379,0.5046979865771812,0.9740349677253879,1.0,-0.003675505064257789,0.9728371211104849,-0.03537954735200263,0.21099887766554437,-0.027921301829548648,0.38539924098851985,0.13658333333333333,0.28259999999999996,0.6,0.30281879194630873,positive (weighted)
